
--Profiles
INSERT INTO Profiles (profile_ID,fname,lname,email,DOB,lastLogin) VALUES (1,'Alice','Everett','ligula@rhoncus.edu', DATE '1958-05-19', TIMESTAMP '2016-04-12 00:00:00');
INSERT INTO Profiles (profile_ID,fname,lname,email,DOB,lastLogin) VALUES (2,'Quyn','Burt','sodales@Aliquamgravidamauris.org', DATE '1991-07-02', TIMESTAMP '2016-04-12 00:00:00');
INSERT INTO Profiles (profile_ID,fname,lname,email,DOB,lastLogin) VALUES (3,'Dieter','Hatfield','Proin.nisl@interdum.com', DATE '1987-10-14', TIMESTAMP '2016-04-12 00:00:00');
INSERT INTO Profiles (profile_ID,fname,lname,email,DOB,lastLogin) VALUES (4,'Liberty','Camacho','quis.pede.Suspendisse@nullavulputatedui.co.uk', DATE '1990-02-28', TIMESTAMP '2016-04-12 00:00:00');
INSERT INTO Profiles (profile_ID,fname,lname,email,DOB,lastLogin) VALUES (5,'Cole','Steele','lacus.Cras@conubia.net', DATE '1966-12-05', TIMESTAMP '2016-04-12 00:00:00');
INSERT INTO Profiles (profile_ID,fname,lname,email,DOB,lastLogin) VALUES (6,'Byron','Norris','a.feugiat@tincidunt.net', DATE '1952-11-06', TIMESTAMP '2016-04-12 00:00:00');
INSERT INTO Profiles (profile_ID,fname,lname,email,DOB,lastLogin) VALUES (7,'Galvin','Bishop','ornare.lectus.justo@sit.org', DATE '1984-07-04', TIMESTAMP '2016-04-12 00:00:00');
INSERT INTO Profiles (profile_ID,fname,lname,email,DOB,lastLogin) VALUES (8,'Desirae','Keller','ornare@tristique.org', DATE '1945-11-11', TIMESTAMP '2016-04-12 00:00:00');
INSERT INTO Profiles (profile_ID,fname,lname,email,DOB,lastLogin) VALUES (9,'Claire','Leblanc','magna.Cras.convallis@rutrumeu.com', DATE '1981-01-23', TIMESTAMP '2016-04-12 00:00:00');
INSERT INTO Profiles (profile_ID,fname,lname,email,DOB,lastLogin) VALUES (10,'Cullen','David','lacus.Nulla.tincidunt@Fuscemilorem.co.uk', DATE '1938-12-27', TIMESTAMP '2016-04-12 00:00:00');
INSERT INTO Profiles (profile_ID,fname,lname,email,DOB,lastLogin) VALUES (11,'Madonna','Fuentes','enim.mi.tempor@egestasSedpharetra.ca', DATE '1945-12-29', TIMESTAMP '2016-04-12 00:00:00');
INSERT INTO Profiles (profile_ID,fname,lname,email,DOB,lastLogin) VALUES (12,'Nasim','Mathews','sit@tellus.ca', DATE '1961-09-07', TIMESTAMP '2016-04-12 00:00:00');
INSERT INTO Profiles (profile_ID,fname,lname,email,DOB,lastLogin) VALUES (13,'Quamar','Curry','Nullam@tempus.com', DATE '1995-03-09', TIMESTAMP '2016-04-12 00:00:00');
INSERT INTO Profiles (profile_ID,fname,lname,email,DOB,lastLogin) VALUES (14,'Priscilla','Bartlett','lectus.justo.eu@ridiculus.co.uk', DATE '1959-07-21', TIMESTAMP '2016-04-12 00:00:00');
INSERT INTO Profiles (profile_ID,fname,lname,email,DOB,lastLogin) VALUES (15,'Violet','Hess','mauris.erat.eget@necorci.org', DATE '1943-11-08', TIMESTAMP '2016-04-12 00:00:00');
INSERT INTO Profiles (profile_ID,fname,lname,email,DOB,lastLogin) VALUES (16,'Wang','Huff','Fusce@semperet.com', DATE '1976-06-13', TIMESTAMP '2016-04-12 00:00:00');
INSERT INTO Profiles (profile_ID,fname,lname,email,DOB,lastLogin) VALUES (17,'Christine','Randolph','amet@ultriciesornare.net', DATE '1951-09-27', TIMESTAMP '2016-04-12 00:00:00');
INSERT INTO Profiles (profile_ID,fname,lname,email,DOB,lastLogin) VALUES (18,'Karleigh','Fitzpatrick','ligula.elit.pretium@pede.org', DATE '1988-10-14', TIMESTAMP '2016-04-12 00:00:00');
INSERT INTO Profiles (profile_ID,fname,lname,email,DOB,lastLogin) VALUES (19,'Caldwell','Ryan','a.mi@nisimagnased.org', DATE '1954-10-15', TIMESTAMP '2016-04-12 00:00:00');
INSERT INTO Profiles (profile_ID,fname,lname,email,DOB,lastLogin) VALUES (20,'Wayne','Gross','dictum.augue.malesuada@velitdui.co.uk', DATE '1997-12-22', TIMESTAMP '2016-04-12 00:00:00');
INSERT INTO Profiles (profile_ID,fname,lname,email,DOB,lastLogin) VALUES (21,'Blaine','Grant','augue.malesuada@semeget.edu', DATE '1951-10-08', TIMESTAMP '2016-04-12 00:00:00');
INSERT INTO Profiles (profile_ID,fname,lname,email,DOB,lastLogin) VALUES (22,'Elvis','Stout','ac.fermentum.vel@nonummyacfeugiat.org', DATE '1954-07-23', TIMESTAMP '2016-04-12 00:00:00');
INSERT INTO Profiles (profile_ID,fname,lname,email,DOB,lastLogin) VALUES (23,'Basil','Dodson','sagittis.lobortis.mauris@utsemNulla.com', DATE '1937-12-16', TIMESTAMP '2016-04-12 00:00:00');
INSERT INTO Profiles (profile_ID,fname,lname,email,DOB,lastLogin) VALUES (24,'Mercedes','Maddox','vitae.purus.gravida@lobortis.org', DATE '1973-03-10', TIMESTAMP '2016-04-12 00:00:00');
INSERT INTO Profiles (profile_ID,fname,lname,email,DOB,lastLogin) VALUES (25,'Dane','Knox','ipsum@scelerisquemollisPhasellus.ca', DATE '1984-08-28', TIMESTAMP '2016-04-12 00:00:00');
INSERT INTO Profiles (profile_ID,fname,lname,email,DOB,lastLogin) VALUES (26,'Brianna','Vaughan','urna.convallis.erat@ac.org', DATE '1991-06-09', TIMESTAMP '2016-04-12 00:00:00');
INSERT INTO Profiles (profile_ID,fname,lname,email,DOB,lastLogin) VALUES (27,'Lisandra','Bradshaw','neque.Nullam.nisl@suscipitnonummy.edu', DATE '1957-08-20', TIMESTAMP '2016-04-12 00:00:00');
INSERT INTO Profiles (profile_ID,fname,lname,email,DOB,lastLogin) VALUES (28,'Sade','Bell','Proin.dolor.Nulla@eu.net', DATE '1952-10-30', TIMESTAMP '2016-04-12 00:00:00');
INSERT INTO Profiles (profile_ID,fname,lname,email,DOB,lastLogin) VALUES (29,'Karyn','Lucas','ut.pharetra@feugiat.net', DATE '1936-12-18', TIMESTAMP '2016-04-12 00:00:00');
INSERT INTO Profiles (profile_ID,fname,lname,email,DOB,lastLogin) VALUES (30,'Carson','Patel','molestie.tellus.Aenean@purusMaecenaslibero.com', DATE '1956-02-28', TIMESTAMP '2016-04-12 00:00:00');
INSERT INTO Profiles (profile_ID,fname,lname,email,DOB,lastLogin) VALUES (31,'Warren','Best','malesuada.id.erat@tortor.org', DATE '1946-11-09', TIMESTAMP '2016-04-12 00:00:00');
INSERT INTO Profiles (profile_ID,fname,lname,email,DOB,lastLogin) VALUES (32,'Brooke','Joyner','lacinia.orci@habitant.co.uk', DATE '1956-04-07', TIMESTAMP '2016-04-12 00:00:00');
INSERT INTO Profiles (profile_ID,fname,lname,email,DOB,lastLogin) VALUES (33,'Claire','Dominguez','adipiscing@vitaemaurissit.ca', DATE '1943-02-06', TIMESTAMP '2016-04-12 00:00:00');
INSERT INTO Profiles (profile_ID,fname,lname,email,DOB,lastLogin) VALUES (34,'Theodore','Delaney','tincidunt@musAeneaneget.edu', DATE '1981-03-27', TIMESTAMP '2016-04-12 00:00:00');
INSERT INTO Profiles (profile_ID,fname,lname,email,DOB,lastLogin) VALUES (35,'Winter','Perry','tempus@fermentum.net', DATE '1985-02-26', TIMESTAMP '2016-04-12 00:00:00');
INSERT INTO Profiles (profile_ID,fname,lname,email,DOB,lastLogin) VALUES (36,'Yardley','Dillard','a@nonmagnaNam.com', DATE '1952-10-13', TIMESTAMP '2016-04-12 00:00:00');
INSERT INTO Profiles (profile_ID,fname,lname,email,DOB,lastLogin) VALUES (37,'Emmanuel','Cook','Vestibulum@nuncacmattis.co.uk', DATE '1949-06-10', TIMESTAMP '2016-04-12 00:00:00');
INSERT INTO Profiles (profile_ID,fname,lname,email,DOB,lastLogin) VALUES (38,'Rae','Castro','Duis@nullaante.co.uk', DATE '1976-09-20', TIMESTAMP '2016-04-12 00:00:00');
INSERT INTO Profiles (profile_ID,fname,lname,email,DOB,lastLogin) VALUES (39,'Zeus','Lara','eu.elit.Nulla@Nullamsuscipit.net', DATE '1934-01-29', TIMESTAMP '2016-04-12 00:00:00');
INSERT INTO Profiles (profile_ID,fname,lname,email,DOB,lastLogin) VALUES (40,'Neve','Cervantes','sagittis.Nullam@blanditatnisi.co.uk', DATE '1932-12-27', TIMESTAMP '2016-04-12 00:00:00');
INSERT INTO Profiles (profile_ID,fname,lname,email,DOB,lastLogin) VALUES (41,'Ross','Carroll','amet.risus@duiSuspendisse.edu', DATE '1985-05-09', TIMESTAMP '2016-04-12 00:00:00');
INSERT INTO Profiles (profile_ID,fname,lname,email,DOB,lastLogin) VALUES (42,'Ralph','Montgomery','egestas.rhoncus.Proin@montesnascetur.co.uk', DATE '1963-09-16', TIMESTAMP '2016-04-12 00:00:00');
INSERT INTO Profiles (profile_ID,fname,lname,email,DOB,lastLogin) VALUES (43,'Amber','Mcdaniel','a.purus.Duis@erosnectellus.org', DATE '1957-02-18', TIMESTAMP '2016-04-12 00:00:00');
INSERT INTO Profiles (profile_ID,fname,lname,email,DOB,lastLogin) VALUES (44,'Ashely','Shepard','sed@in.net', DATE '1990-01-14', TIMESTAMP '2016-04-12 00:00:00');
INSERT INTO Profiles (profile_ID,fname,lname,email,DOB,lastLogin) VALUES (45,'Orson','Fowler','euismod@Donec.ca', DATE '1971-09-25', TIMESTAMP '2016-04-12 00:00:00');
INSERT INTO Profiles (profile_ID,fname,lname,email,DOB,lastLogin) VALUES (46,'Karly','Jackson','eu.elit@odioNaminterdum.co.uk', DATE '1978-12-06', TIMESTAMP '2016-04-12 00:00:00');
INSERT INTO Profiles (profile_ID,fname,lname,email,DOB,lastLogin) VALUES (47,'Cassady','Wall','sed.dictum@sociis.org', DATE '1993-06-05', TIMESTAMP '2016-04-12 00:00:00');
INSERT INTO Profiles (profile_ID,fname,lname,email,DOB,lastLogin) VALUES (48,'Claire','Porter','interdum.Curabitur@nonmassanon.com', DATE '1935-01-03', TIMESTAMP '2016-04-12 00:00:00');
INSERT INTO Profiles (profile_ID,fname,lname,email,DOB,lastLogin) VALUES (49,'Kennan','Olsen','ornare.lectus.ante@velitQuisque.net', DATE '1937-01-24', TIMESTAMP '2016-04-12 00:00:00');
INSERT INTO Profiles (profile_ID,fname,lname,email,DOB,lastLogin) VALUES (50,'Casey','Carter','vulputate@Aliquamfringilla.net', DATE '1996-10-23', TIMESTAMP '2016-04-12 00:00:00');
INSERT INTO Profiles (profile_ID,fname,lname,email,DOB,lastLogin) VALUES (51,'Darrel','Berry','lacus.Quisque.imperdiet@elit.edu', DATE '1967-07-09', TIMESTAMP '2016-04-12 00:00:00');
INSERT INTO Profiles (profile_ID,fname,lname,email,DOB,lastLogin) VALUES (52,'Candace','Hinton','tristique.pharetra@placerateget.ca', DATE '1939-11-06', TIMESTAMP '2016-04-12 00:00:00');
INSERT INTO Profiles (profile_ID,fname,lname,email,DOB,lastLogin) VALUES (53,'Zeph','Waller','sem@Crasdolor.co.uk', DATE '1949-07-19', TIMESTAMP '2016-04-12 00:00:00');
INSERT INTO Profiles (profile_ID,fname,lname,email,DOB,lastLogin) VALUES (54,'Calista','Robertson','felis@nibhvulputate.ca', DATE '1958-04-26', TIMESTAMP '2016-04-12 00:00:00');
INSERT INTO Profiles (profile_ID,fname,lname,email,DOB,lastLogin) VALUES (55,'Davis','Castaneda','dapibus.quam@variuseteuismod.net', DATE '1999-10-23', TIMESTAMP '2016-04-12 00:00:00');
INSERT INTO Profiles (profile_ID,fname,lname,email,DOB,lastLogin) VALUES (56,'Signe','Wagner','ut@utdolor.co.uk', DATE '1994-05-05', TIMESTAMP '2016-04-12 00:00:00');
INSERT INTO Profiles (profile_ID,fname,lname,email,DOB,lastLogin) VALUES (57,'Lisandra','Meadows','velit.Aliquam.nisl@milacinia.edu', DATE '1940-11-01', TIMESTAMP '2016-04-12 00:00:00');
INSERT INTO Profiles (profile_ID,fname,lname,email,DOB,lastLogin) VALUES (58,'Keefe','Bridges','mauris.sagittis@ipsumSuspendisse.ca', DATE '1991-04-19', TIMESTAMP '2016-04-12 00:00:00');
INSERT INTO Profiles (profile_ID,fname,lname,email,DOB,lastLogin) VALUES (59,'Avye','Coffey','Etiam@non.com', DATE '1961-10-31', TIMESTAMP '2016-04-12 00:00:00');
INSERT INTO Profiles (profile_ID,fname,lname,email,DOB,lastLogin) VALUES (60,'Hedley','Cantrell','convallis@estmaurisrhoncus.org', DATE '1994-06-18', TIMESTAMP '2016-04-12 00:00:00');
INSERT INTO Profiles (profile_ID,fname,lname,email,DOB,lastLogin) VALUES (61,'Alice','Leach','posuere@elitpedemalesuada.org', DATE '1982-01-11', TIMESTAMP '2016-04-12 00:00:00');
INSERT INTO Profiles (profile_ID,fname,lname,email,DOB,lastLogin) VALUES (62,'Tanya','Charles','netus@etliberoProin.co.uk', DATE '1933-05-31', TIMESTAMP '2016-04-12 00:00:00');
INSERT INTO Profiles (profile_ID,fname,lname,email,DOB,lastLogin) VALUES (63,'Lev','Park','elementum.dui@cursus.com', DATE '1940-09-14', TIMESTAMP '2016-04-12 00:00:00');
INSERT INTO Profiles (profile_ID,fname,lname,email,DOB,lastLogin) VALUES (64,'Jayme','Acosta','Cras@dictummagna.co.uk', DATE '1933-05-22', TIMESTAMP '2016-04-12 00:00:00');
INSERT INTO Profiles (profile_ID,fname,lname,email,DOB,lastLogin) VALUES (65,'Hedley','Mcdowell','Nulla@dictumplacerat.co.uk', DATE '1948-12-04', TIMESTAMP '2016-04-12 00:00:00');
INSERT INTO Profiles (profile_ID,fname,lname,email,DOB,lastLogin) VALUES (66,'Demetrius','Simon','vitae.erat.Vivamus@laoreet.co.uk', DATE '1933-03-26', TIMESTAMP '2016-04-12 00:00:00');
INSERT INTO Profiles (profile_ID,fname,lname,email,DOB,lastLogin) VALUES (67,'Brock','Pickett','vulputate@sit.org', DATE '1983-07-25', TIMESTAMP '2016-04-12 00:00:00');
INSERT INTO Profiles (profile_ID,fname,lname,email,DOB,lastLogin) VALUES (68,'Aidan','Johns','cursus.a.enim@nibhenim.net', DATE '1997-01-04', TIMESTAMP '2016-04-12 00:00:00');
INSERT INTO Profiles (profile_ID,fname,lname,email,DOB,lastLogin) VALUES (69,'Meredith','David','est.congue@Proin.org', DATE '1970-08-18', TIMESTAMP '2016-04-12 00:00:00');
INSERT INTO Profiles (profile_ID,fname,lname,email,DOB,lastLogin) VALUES (70,'Lee','Flowers','odio.Aliquam.vulputate@hymenaeosMaurisut.net', DATE '1941-11-03', TIMESTAMP '2016-04-12 00:00:00');
INSERT INTO Profiles (profile_ID,fname,lname,email,DOB,lastLogin) VALUES (71,'Hashim','Wilson','parturient.montes@DonecnibhQuisque.org', DATE '1988-07-20', TIMESTAMP '2016-04-12 00:00:00');
INSERT INTO Profiles (profile_ID,fname,lname,email,DOB,lastLogin) VALUES (72,'Perry','Ball','enim@acrisusMorbi.ca', DATE '1953-03-25', TIMESTAMP '2016-04-12 00:00:00');
INSERT INTO Profiles (profile_ID,fname,lname,email,DOB,lastLogin) VALUES (73,'Silas','Blankenship','imperdiet.erat.nonummy@magna.ca', DATE '1933-10-18', TIMESTAMP '2016-04-12 00:00:00');
INSERT INTO Profiles (profile_ID,fname,lname,email,DOB,lastLogin) VALUES (74,'Simone','England','sollicitudin.a.malesuada@hendrerit.edu', DATE '1954-04-30', TIMESTAMP '2016-04-12 00:00:00');
INSERT INTO Profiles (profile_ID,fname,lname,email,DOB,lastLogin) VALUES (75,'Fitzgerald','Espinoza','dolor.Donec@mollis.net', DATE '1956-12-21', TIMESTAMP '2016-04-12 00:00:00');
INSERT INTO Profiles (profile_ID,fname,lname,email,DOB,lastLogin) VALUES (76,'Nomlanga','Mullins','eget.varius.ultrices@nonummy.co.uk', DATE '1976-09-29', TIMESTAMP '2016-04-12 00:00:00');
INSERT INTO Profiles (profile_ID,fname,lname,email,DOB,lastLogin) VALUES (77,'Susan','Buchanan','sodales@nonegestasa.org', DATE '1978-11-27', TIMESTAMP '2016-04-12 00:00:00');
INSERT INTO Profiles (profile_ID,fname,lname,email,DOB,lastLogin) VALUES (78,'Lillith','Roth','sodales.at@Integeridmagna.org', DATE '1955-10-02', TIMESTAMP '2016-04-12 00:00:00');
INSERT INTO Profiles (profile_ID,fname,lname,email,DOB,lastLogin) VALUES (79,'Thor','Cochran','nunc@Proinsed.com', DATE '1995-04-21', TIMESTAMP '2016-04-12 00:00:00');
INSERT INTO Profiles (profile_ID,fname,lname,email,DOB,lastLogin) VALUES (80,'Harper','Grant','euismod@aarcuSed.org', DATE '1945-08-18', TIMESTAMP '2016-04-12 00:00:00');
INSERT INTO Profiles (profile_ID,fname,lname,email,DOB,lastLogin) VALUES (81,'Sacha','Guzman','Duis.volutpat@magna.org', DATE '1964-02-15', TIMESTAMP '2016-04-12 00:00:00');
INSERT INTO Profiles (profile_ID,fname,lname,email,DOB,lastLogin) VALUES (82,'Dane','Baldwin','quis.diam.luctus@pretiumaliquetmetus.org', DATE '1960-03-01', TIMESTAMP '2016-04-12 00:00:00');
INSERT INTO Profiles (profile_ID,fname,lname,email,DOB,lastLogin) VALUES (83,'Petra','Hurst','Integer.in.magna@semmolestiesodales.edu', DATE '1984-12-20', TIMESTAMP '2016-04-12 00:00:00');
INSERT INTO Profiles (profile_ID,fname,lname,email,DOB,lastLogin) VALUES (84,'Reece','Vincent','Mauris.blandit@tempusnon.ca', DATE '1932-02-18', TIMESTAMP '2016-04-12 00:00:00');
INSERT INTO Profiles (profile_ID,fname,lname,email,DOB,lastLogin) VALUES (85,'Igor','Hurst','Nullam@duiCum.net', DATE '1937-05-25', TIMESTAMP '2016-04-12 00:00:00');
INSERT INTO Profiles (profile_ID,fname,lname,email,DOB,lastLogin) VALUES (86,'Jeremy','Schmidt','mus.Proin@sitamet.ca', DATE '1989-03-27', TIMESTAMP '2016-04-12 00:00:00');
INSERT INTO Profiles (profile_ID,fname,lname,email,DOB,lastLogin) VALUES (87,'Cairo','Noel','eu.erat@Donecconsectetuer.ca', DATE '1972-01-13', TIMESTAMP '2016-04-12 00:00:00');
INSERT INTO Profiles (profile_ID,fname,lname,email,DOB,lastLogin) VALUES (88,'Lucas','Rollins','elementum@augue.ca', DATE '1931-02-04', TIMESTAMP '2016-04-12 00:00:00');
INSERT INTO Profiles (profile_ID,fname,lname,email,DOB,lastLogin) VALUES (89,'Chelsea','Graves','odio.semper.cursus@nasceturridiculus.com', DATE '1945-01-02', TIMESTAMP '2016-04-12 00:00:00');
INSERT INTO Profiles (profile_ID,fname,lname,email,DOB,lastLogin) VALUES (90,'Iris','Justice','cursus@gravida.ca', DATE '1930-05-25', TIMESTAMP '2016-04-12 00:00:00');
INSERT INTO Profiles (profile_ID,fname,lname,email,DOB,lastLogin) VALUES (91,'Brenden','Cain','pede.et@sitametmassa.com', DATE '1942-01-16', TIMESTAMP '2016-04-12 00:00:00');
INSERT INTO Profiles (profile_ID,fname,lname,email,DOB,lastLogin) VALUES (92,'Sophia','Sexton','aliquam.adipiscing@variuset.net', DATE '1980-09-16', TIMESTAMP '2016-04-12 00:00:00');
INSERT INTO Profiles (profile_ID,fname,lname,email,DOB,lastLogin) VALUES (93,'Conan','Dejesus','consequat.nec@aultriciesadipiscing.ca', DATE '1982-04-22', TIMESTAMP '2016-04-12 00:00:00');
INSERT INTO Profiles (profile_ID,fname,lname,email,DOB,lastLogin) VALUES (94,'Melinda','Golden','Cras@dolor.edu', DATE '1976-08-26', TIMESTAMP '2016-04-12 00:00:00');
INSERT INTO Profiles (profile_ID,fname,lname,email,DOB,lastLogin) VALUES (95,'Chaney','Sparks','tellus@lobortisauguescelerisque.edu', DATE '1978-07-27', TIMESTAMP '2016-04-12 00:00:00');
INSERT INTO Profiles (profile_ID,fname,lname,email,DOB,lastLogin) VALUES (96,'Amena','Marshall','per@vitaerisus.org', DATE '1952-06-16', TIMESTAMP '2016-04-12 00:00:00');
INSERT INTO Profiles (profile_ID,fname,lname,email,DOB,lastLogin) VALUES (97,'Graiden','Hurst','auctor@seddui.ca', DATE '1946-04-25', TIMESTAMP '2016-04-12 00:00:00');
INSERT INTO Profiles (profile_ID,fname,lname,email,DOB,lastLogin) VALUES (98,'Rooney','Herring','pharetra@congueturpisIn.co.uk', DATE '1978-03-18', TIMESTAMP '2016-04-12 00:00:00');
INSERT INTO Profiles (profile_ID,fname,lname,email,DOB,lastLogin) VALUES (99,'Cameran','Robinson','eu.accumsan.sed@lobortisauguescelerisque.edu', DATE '1999-10-19', TIMESTAMP '2016-04-12 00:00:00');
INSERT INTO Profiles (profile_ID,fname,lname,email,DOB,lastLogin) VALUES (100,'Wallace','Burton','convallis.in.cursus@consectetuercursuset.com', DATE '1985-07-07', TIMESTAMP '2016-04-12 00:00:00');

--Friends
INSERT INTO Friends (profile_ID,friend_ID,established,dateEstablished) VALUES (37,62,0, DATE '2007-05-01');
INSERT INTO Friends (profile_ID,friend_ID,established,dateEstablished) VALUES (51,13,1, DATE '2014-12-10');
INSERT INTO Friends (profile_ID,friend_ID,established,dateEstablished) VALUES (23,37,1, DATE '2008-12-13');
INSERT INTO Friends (profile_ID,friend_ID,established,dateEstablished) VALUES (100,77,1, DATE '2011-11-10');
INSERT INTO Friends (profile_ID,friend_ID,established,dateEstablished) VALUES (5,85,0, DATE '2011-10-06');
INSERT INTO Friends (profile_ID,friend_ID,established,dateEstablished) VALUES (94,60,0, DATE '2014-06-13');
INSERT INTO Friends (profile_ID,friend_ID,established,dateEstablished) VALUES (69,36,1, DATE '2012-03-29');
INSERT INTO Friends (profile_ID,friend_ID,established,dateEstablished) VALUES (29,92,1, DATE '2007-12-31');
INSERT INTO Friends (profile_ID,friend_ID,established,dateEstablished) VALUES (10,36,0, DATE '2006-11-10');
INSERT INTO Friends (profile_ID,friend_ID,established,dateEstablished) VALUES (81,35,0, DATE '2014-10-07');
INSERT INTO Friends (profile_ID,friend_ID,established,dateEstablished) VALUES (31,88,1, DATE '2011-10-15');
INSERT INTO Friends (profile_ID,friend_ID,established,dateEstablished) VALUES (48,28,0, DATE '2009-02-23');
INSERT INTO Friends (profile_ID,friend_ID,established,dateEstablished) VALUES (39,33,0, DATE '2005-07-10');
INSERT INTO Friends (profile_ID,friend_ID,established,dateEstablished) VALUES (33,53,1, DATE '2014-10-17');
INSERT INTO Friends (profile_ID,friend_ID,established,dateEstablished) VALUES (36,60,0, DATE '2016-02-15');
INSERT INTO Friends (profile_ID,friend_ID,established,dateEstablished) VALUES (11,15,0, DATE '2006-03-28');
INSERT INTO Friends (profile_ID,friend_ID,established,dateEstablished) VALUES (27,90,1, DATE '2008-01-22');
INSERT INTO Friends (profile_ID,friend_ID,established,dateEstablished) VALUES (82,23,1, DATE '2006-09-29');
INSERT INTO Friends (profile_ID,friend_ID,established,dateEstablished) VALUES (1,22,1, DATE '2014-06-17');
INSERT INTO Friends (profile_ID,friend_ID,established,dateEstablished) VALUES (68,1,0, DATE '2005-04-30');
INSERT INTO Friends (profile_ID,friend_ID,established,dateEstablished) VALUES (43,100,1, DATE '2010-09-05');
INSERT INTO Friends (profile_ID,friend_ID,established,dateEstablished) VALUES (72,3,0, DATE '2013-10-11');
INSERT INTO Friends (profile_ID,friend_ID,established,dateEstablished) VALUES (73,82,0, DATE '2010-09-25');
INSERT INTO Friends (profile_ID,friend_ID,established,dateEstablished) VALUES (97,8,1, DATE '2015-05-13');
INSERT INTO Friends (profile_ID,friend_ID,established,dateEstablished) VALUES (30,96,0, DATE '2005-11-29');
INSERT INTO Friends (profile_ID,friend_ID,established,dateEstablished) VALUES (21,14,1, DATE '2008-10-26');
INSERT INTO Friends (profile_ID,friend_ID,established,dateEstablished) VALUES (56,88,1, DATE '2014-10-15');
INSERT INTO Friends (profile_ID,friend_ID,established,dateEstablished) VALUES (79,19,0, DATE '2006-03-21');
INSERT INTO Friends (profile_ID,friend_ID,established,dateEstablished) VALUES (69,81,0, DATE '2015-09-28');
INSERT INTO Friends (profile_ID,friend_ID,established,dateEstablished) VALUES (28,93,1, DATE '2014-11-18');
INSERT INTO Friends (profile_ID,friend_ID,established,dateEstablished) VALUES (37,92,0, DATE '2007-06-21');
INSERT INTO Friends (profile_ID,friend_ID,established,dateEstablished) VALUES (42,49,0, DATE '2015-04-08');
INSERT INTO Friends (profile_ID,friend_ID,established,dateEstablished) VALUES (35,13,1, DATE '2009-05-01');
INSERT INTO Friends (profile_ID,friend_ID,established,dateEstablished) VALUES (8,21,0, DATE '2009-10-15');
INSERT INTO Friends (profile_ID,friend_ID,established,dateEstablished) VALUES (41,98,1, DATE '2010-02-24');
INSERT INTO Friends (profile_ID,friend_ID,established,dateEstablished) VALUES (39,35,1, DATE '2006-07-13');
INSERT INTO Friends (profile_ID,friend_ID,established,dateEstablished) VALUES (49,99,0, DATE '2014-08-26');
INSERT INTO Friends (profile_ID,friend_ID,established,dateEstablished) VALUES (39,25,0, DATE '2009-06-03');
INSERT INTO Friends (profile_ID,friend_ID,established,dateEstablished) VALUES (95,20,0, DATE '2007-08-18');
INSERT INTO Friends (profile_ID,friend_ID,established,dateEstablished) VALUES (88,98,0, DATE '2007-09-19');
INSERT INTO Friends (profile_ID,friend_ID,established,dateEstablished) VALUES (8,5,1, DATE '2005-12-30');
INSERT INTO Friends (profile_ID,friend_ID,established,dateEstablished) VALUES (47,78,1, DATE '2013-10-17');
INSERT INTO Friends (profile_ID,friend_ID,established,dateEstablished) VALUES (79,56,1, DATE '2015-03-29');
INSERT INTO Friends (profile_ID,friend_ID,established,dateEstablished) VALUES (2,25,1, DATE '2013-03-31');
INSERT INTO Friends (profile_ID,friend_ID,established,dateEstablished) VALUES (9,80,0, DATE '2010-07-09');
INSERT INTO Friends (profile_ID,friend_ID,established,dateEstablished) VALUES (74,11,1, DATE '2012-04-13');
INSERT INTO Friends (profile_ID,friend_ID,established,dateEstablished) VALUES (7,11,0, DATE '2011-02-22');
INSERT INTO Friends (profile_ID,friend_ID,established,dateEstablished) VALUES (43,53,1, DATE '2006-05-14');
INSERT INTO Friends (profile_ID,friend_ID,established,dateEstablished) VALUES (24,53,1, DATE '2011-02-25');
INSERT INTO Friends (profile_ID,friend_ID,established,dateEstablished) VALUES (67,7,1, DATE '2007-01-04');
INSERT INTO Friends (profile_ID,friend_ID,established,dateEstablished) VALUES (28,57,1, DATE '2015-07-26');
INSERT INTO Friends (profile_ID,friend_ID,established,dateEstablished) VALUES (48,100,1, DATE '2010-08-15');
INSERT INTO Friends (profile_ID,friend_ID,established,dateEstablished) VALUES (61,35,1, DATE '2006-12-28');
INSERT INTO Friends (profile_ID,friend_ID,established,dateEstablished) VALUES (69,99,0, DATE '2006-02-06');
INSERT INTO Friends (profile_ID,friend_ID,established,dateEstablished) VALUES (63,97,0, DATE '2010-01-28');
INSERT INTO Friends (profile_ID,friend_ID,established,dateEstablished) VALUES (64,16,0, DATE '2005-10-28');
INSERT INTO Friends (profile_ID,friend_ID,established,dateEstablished) VALUES (42,27,1, DATE '2014-07-15');
INSERT INTO Friends (profile_ID,friend_ID,established,dateEstablished) VALUES (97,95,1, DATE '2009-10-01');
INSERT INTO Friends (profile_ID,friend_ID,established,dateEstablished) VALUES (19,60,0, DATE '2006-04-05');
INSERT INTO Friends (profile_ID,friend_ID,established,dateEstablished) VALUES (17,81,1, DATE '2011-01-07');
INSERT INTO Friends (profile_ID,friend_ID,established,dateEstablished) VALUES (38,86,0, DATE '2016-04-06');
INSERT INTO Friends (profile_ID,friend_ID,established,dateEstablished) VALUES (80,82,0, DATE '2009-05-12');
INSERT INTO Friends (profile_ID,friend_ID,established,dateEstablished) VALUES (63,99,0, DATE '2009-01-17');
INSERT INTO Friends (profile_ID,friend_ID,established,dateEstablished) VALUES (85,86,0, DATE '2010-05-18');
INSERT INTO Friends (profile_ID,friend_ID,established,dateEstablished) VALUES (59,65,1, DATE '2013-01-26');
INSERT INTO Friends (profile_ID,friend_ID,established,dateEstablished) VALUES (13,11,0, DATE '2008-07-29');
INSERT INTO Friends (profile_ID,friend_ID,established,dateEstablished) VALUES (73,11,0, DATE '2009-06-20');
INSERT INTO Friends (profile_ID,friend_ID,established,dateEstablished) VALUES (74,82,1, DATE '2012-05-15');
INSERT INTO Friends (profile_ID,friend_ID,established,dateEstablished) VALUES (12,7,0, DATE '2015-07-10');
INSERT INTO Friends (profile_ID,friend_ID,established,dateEstablished) VALUES (13,34,0, DATE '2005-05-12');
INSERT INTO Friends (profile_ID,friend_ID,established,dateEstablished) VALUES (49,22,1, DATE '2008-03-15');
INSERT INTO Friends (profile_ID,friend_ID,established,dateEstablished) VALUES (54,9,0, DATE '2005-08-15');
INSERT INTO Friends (profile_ID,friend_ID,established,dateEstablished) VALUES (74,53,0, DATE '2012-11-02');
INSERT INTO Friends (profile_ID,friend_ID,established,dateEstablished) VALUES (90,93,1, DATE '2013-03-01');
INSERT INTO Friends (profile_ID,friend_ID,established,dateEstablished) VALUES (94,22,1, DATE '2008-03-29');
INSERT INTO Friends (profile_ID,friend_ID,established,dateEstablished) VALUES (89,56,1, DATE '2016-01-11');
INSERT INTO Friends (profile_ID,friend_ID,established,dateEstablished) VALUES (56,77,0, DATE '2006-07-07');
INSERT INTO Friends (profile_ID,friend_ID,established,dateEstablished) VALUES (23,56,1, DATE '2009-04-15');
INSERT INTO Friends (profile_ID,friend_ID,established,dateEstablished) VALUES (40,30,1, DATE '2007-05-11');
INSERT INTO Friends (profile_ID,friend_ID,established,dateEstablished) VALUES (14,83,1, DATE '2016-03-11');
INSERT INTO Friends (profile_ID,friend_ID,established,dateEstablished) VALUES (41,48,1, DATE '2005-09-03');
INSERT INTO Friends (profile_ID,friend_ID,established,dateEstablished) VALUES (63,73,0, DATE '2015-01-02');
INSERT INTO Friends (profile_ID,friend_ID,established,dateEstablished) VALUES (29,21,1, DATE '2009-10-30');
INSERT INTO Friends (profile_ID,friend_ID,established,dateEstablished) VALUES (58,42,0, DATE '2008-05-09');
INSERT INTO Friends (profile_ID,friend_ID,established,dateEstablished) VALUES (4,55,0, DATE '2010-11-21');
INSERT INTO Friends (profile_ID,friend_ID,established,dateEstablished) VALUES (18,81,1, DATE '2005-05-06');
INSERT INTO Friends (profile_ID,friend_ID,established,dateEstablished) VALUES (50,32,1, DATE '2015-06-13');
INSERT INTO Friends (profile_ID,friend_ID,established,dateEstablished) VALUES (2,65,1, DATE '2006-12-06');
INSERT INTO Friends (profile_ID,friend_ID,established,dateEstablished) VALUES (31,71,1, DATE '2008-06-09');
INSERT INTO Friends (profile_ID,friend_ID,established,dateEstablished) VALUES (63,69,0, DATE '2008-02-11');
INSERT INTO Friends (profile_ID,friend_ID,established,dateEstablished) VALUES (37,57,1, DATE '2012-03-31');
INSERT INTO Friends (profile_ID,friend_ID,established,dateEstablished) VALUES (4,49,1, DATE '2010-05-11');
INSERT INTO Friends (profile_ID,friend_ID,established,dateEstablished) VALUES (26,65,1, DATE '2011-05-28');
INSERT INTO Friends (profile_ID,friend_ID,established,dateEstablished) VALUES (29,7,0, DATE '2009-07-03');
INSERT INTO Friends (profile_ID,friend_ID,established,dateEstablished) VALUES (49,21,1, DATE '2010-09-13');
INSERT INTO Friends (profile_ID,friend_ID,established,dateEstablished) VALUES (64,18,0, DATE '2014-08-10');
INSERT INTO Friends (profile_ID,friend_ID,established,dateEstablished) VALUES (66,2,1, DATE '2012-04-26');
INSERT INTO Friends (profile_ID,friend_ID,established,dateEstablished) VALUES (8,1,0, DATE '2008-06-27');
INSERT INTO Friends (profile_ID,friend_ID,established,dateEstablished) VALUES (38,52,0, DATE '2007-11-30');
INSERT INTO Friends (profile_ID,friend_ID,established,dateEstablished) VALUES (78,19,0, DATE '2010-02-20');
INSERT INTO Friends (profile_ID,friend_ID,established,dateEstablished) VALUES (8,61,0, DATE '2012-05-23');
INSERT INTO Friends (profile_ID,friend_ID,established,dateEstablished) VALUES (30,83,1, DATE '2009-05-13');
INSERT INTO Friends (profile_ID,friend_ID,established,dateEstablished) VALUES (65,82,1, DATE '2011-11-05');
INSERT INTO Friends (profile_ID,friend_ID,established,dateEstablished) VALUES (80,63,1, DATE '2006-06-16');
INSERT INTO Friends (profile_ID,friend_ID,established,dateEstablished) VALUES (97,53,1, DATE '2011-05-18');
INSERT INTO Friends (profile_ID,friend_ID,established,dateEstablished) VALUES (61,20,0, DATE '2008-06-27');
INSERT INTO Friends (profile_ID,friend_ID,established,dateEstablished) VALUES (64,44,0, DATE '2014-09-15');
INSERT INTO Friends (profile_ID,friend_ID,established,dateEstablished) VALUES (22,58,0, DATE '2008-06-17');
INSERT INTO Friends (profile_ID,friend_ID,established,dateEstablished) VALUES (11,19,1, DATE '2010-10-13');
INSERT INTO Friends (profile_ID,friend_ID,established,dateEstablished) VALUES (50,20,0, DATE '2012-02-29');
INSERT INTO Friends (profile_ID,friend_ID,established,dateEstablished) VALUES (48,51,1, DATE '2005-09-17');
INSERT INTO Friends (profile_ID,friend_ID,established,dateEstablished) VALUES (68,18,1, DATE '2015-08-27');
INSERT INTO Friends (profile_ID,friend_ID,established,dateEstablished) VALUES (48,6,0, DATE '2010-11-29');
INSERT INTO Friends (profile_ID,friend_ID,established,dateEstablished) VALUES (77,39,0, DATE '2005-12-20');
INSERT INTO Friends (profile_ID,friend_ID,established,dateEstablished) VALUES (88,94,0, DATE '2013-04-06');
INSERT INTO Friends (profile_ID,friend_ID,established,dateEstablished) VALUES (9,21,0, DATE '2010-12-06');
INSERT INTO Friends (profile_ID,friend_ID,established,dateEstablished) VALUES (55,91,1, DATE '2010-04-21');
INSERT INTO Friends (profile_ID,friend_ID,established,dateEstablished) VALUES (94,2,0, DATE '2014-10-28');
INSERT INTO Friends (profile_ID,friend_ID,established,dateEstablished) VALUES (4,72,1, DATE '2007-02-15');
INSERT INTO Friends (profile_ID,friend_ID,established,dateEstablished) VALUES (10,39,1, DATE '2012-12-23');
INSERT INTO Friends (profile_ID,friend_ID,established,dateEstablished) VALUES (74,5,1, DATE '2011-08-21');
INSERT INTO Friends (profile_ID,friend_ID,established,dateEstablished) VALUES (67,59,0, DATE '2011-01-28');
INSERT INTO Friends (profile_ID,friend_ID,established,dateEstablished) VALUES (71,11,0, DATE '2010-10-05');
INSERT INTO Friends (profile_ID,friend_ID,established,dateEstablished) VALUES (28,21,0, DATE '2014-10-10');
INSERT INTO Friends (profile_ID,friend_ID,established,dateEstablished) VALUES (84,38,0, DATE '2012-08-14');
INSERT INTO Friends (profile_ID,friend_ID,established,dateEstablished) VALUES (27,96,0, DATE '2015-05-14');
INSERT INTO Friends (profile_ID,friend_ID,established,dateEstablished) VALUES (15,59,0, DATE '2011-12-31');
INSERT INTO Friends (profile_ID,friend_ID,established,dateEstablished) VALUES (57,15,1, DATE '2014-07-27');
INSERT INTO Friends (profile_ID,friend_ID,established,dateEstablished) VALUES (87,55,1, DATE '2005-09-23');
INSERT INTO Friends (profile_ID,friend_ID,established,dateEstablished) VALUES (87,98,0, DATE '2009-03-03');
INSERT INTO Friends (profile_ID,friend_ID,established,dateEstablished) VALUES (32,23,0, DATE '2013-06-13');
INSERT INTO Friends (profile_ID,friend_ID,established,dateEstablished) VALUES (5,24,0, DATE '2013-06-18');
INSERT INTO Friends (profile_ID,friend_ID,established,dateEstablished) VALUES (86,40,1, DATE '2008-08-07');
INSERT INTO Friends (profile_ID,friend_ID,established,dateEstablished) VALUES (52,91,0, DATE '2010-03-01');
INSERT INTO Friends (profile_ID,friend_ID,established,dateEstablished) VALUES (40,100,1, DATE '2006-09-29');
INSERT INTO Friends (profile_ID,friend_ID,established,dateEstablished) VALUES (27,13,0, DATE '2012-12-06');
INSERT INTO Friends (profile_ID,friend_ID,established,dateEstablished) VALUES (92,98,1, DATE '2009-07-25');
INSERT INTO Friends (profile_ID,friend_ID,established,dateEstablished) VALUES (27,11,0, DATE '2014-07-16');
INSERT INTO Friends (profile_ID,friend_ID,established,dateEstablished) VALUES (87,19,1, DATE '2012-07-01');
INSERT INTO Friends (profile_ID,friend_ID,established,dateEstablished) VALUES (36,45,0, DATE '2011-05-16');
INSERT INTO Friends (profile_ID,friend_ID,established,dateEstablished) VALUES (98,74,1, DATE '2008-02-21');
INSERT INTO Friends (profile_ID,friend_ID,established,dateEstablished) VALUES (89,11,1, DATE '2015-09-25');
INSERT INTO Friends (profile_ID,friend_ID,established,dateEstablished) VALUES (67,52,1, DATE '2009-06-30');
INSERT INTO Friends (profile_ID,friend_ID,established,dateEstablished) VALUES (93,77,1, DATE '2013-06-29');
INSERT INTO Friends (profile_ID,friend_ID,established,dateEstablished) VALUES (88,96,1, DATE '2006-04-24');
INSERT INTO Friends (profile_ID,friend_ID,established,dateEstablished) VALUES (80,6,1, DATE '2008-01-21');
INSERT INTO Friends (profile_ID,friend_ID,established,dateEstablished) VALUES (60,77,0, DATE '2015-11-06');
INSERT INTO Friends (profile_ID,friend_ID,established,dateEstablished) VALUES (34,71,0, DATE '2010-02-15');
INSERT INTO Friends (profile_ID,friend_ID,established,dateEstablished) VALUES (88,36,0, DATE '2012-04-27');
INSERT INTO Friends (profile_ID,friend_ID,established,dateEstablished) VALUES (4,21,1, DATE '2005-04-20');
INSERT INTO Friends (profile_ID,friend_ID,established,dateEstablished) VALUES (68,20,1, DATE '2014-12-03');
INSERT INTO Friends (profile_ID,friend_ID,established,dateEstablished) VALUES (91,36,0, DATE '2010-08-21');
INSERT INTO Friends (profile_ID,friend_ID,established,dateEstablished) VALUES (66,91,1, DATE '2011-02-09');
INSERT INTO Friends (profile_ID,friend_ID,established,dateEstablished) VALUES (41,5,0, DATE '2011-07-19');
INSERT INTO Friends (profile_ID,friend_ID,established,dateEstablished) VALUES (35,57,0, DATE '2011-09-24');
INSERT INTO Friends (profile_ID,friend_ID,established,dateEstablished) VALUES (71,24,1, DATE '2007-08-12');
INSERT INTO Friends (profile_ID,friend_ID,established,dateEstablished) VALUES (27,69,1, DATE '2014-08-03');
INSERT INTO Friends (profile_ID,friend_ID,established,dateEstablished) VALUES (51,23,1, DATE '2009-10-22');
INSERT INTO Friends (profile_ID,friend_ID,established,dateEstablished) VALUES (60,90,0, DATE '2005-10-30');
INSERT INTO Friends (profile_ID,friend_ID,established,dateEstablished) VALUES (78,74,1, DATE '2016-01-27');
INSERT INTO Friends (profile_ID,friend_ID,established,dateEstablished) VALUES (95,27,1, DATE '2008-07-05');
INSERT INTO Friends (profile_ID,friend_ID,established,dateEstablished) VALUES (21,18,1, DATE '2011-07-23');
INSERT INTO Friends (profile_ID,friend_ID,established,dateEstablished) VALUES (6,36,0, DATE '2015-08-05');
INSERT INTO Friends (profile_ID,friend_ID,established,dateEstablished) VALUES (6,42,0, DATE '2006-03-23');
INSERT INTO Friends (profile_ID,friend_ID,established,dateEstablished) VALUES (13,41,1, DATE '2013-10-03');
INSERT INTO Friends (profile_ID,friend_ID,established,dateEstablished) VALUES (75,96,1, DATE '2012-11-13');
INSERT INTO Friends (profile_ID,friend_ID,established,dateEstablished) VALUES (54,48,0, DATE '2010-01-08');
INSERT INTO Friends (profile_ID,friend_ID,established,dateEstablished) VALUES (31,46,0, DATE '2006-04-30');
INSERT INTO Friends (profile_ID,friend_ID,established,dateEstablished) VALUES (54,39,0, DATE '2005-06-26');
INSERT INTO Friends (profile_ID,friend_ID,established,dateEstablished) VALUES (27,37,1, DATE '2008-02-21');
INSERT INTO Friends (profile_ID,friend_ID,established,dateEstablished) VALUES (12,28,0, DATE '2006-10-23');
INSERT INTO Friends (profile_ID,friend_ID,established,dateEstablished) VALUES (19,97,0, DATE '2013-06-09');
INSERT INTO Friends (profile_ID,friend_ID,established,dateEstablished) VALUES (21,42,0, DATE '2015-11-10');
INSERT INTO Friends (profile_ID,friend_ID,established,dateEstablished) VALUES (44,62,1, DATE '2010-12-09');
INSERT INTO Friends (profile_ID,friend_ID,established,dateEstablished) VALUES (64,31,0, DATE '2011-08-14');
INSERT INTO Friends (profile_ID,friend_ID,established,dateEstablished) VALUES (6,48,1, DATE '2012-05-17');
INSERT INTO Friends (profile_ID,friend_ID,established,dateEstablished) VALUES (15,17,0, DATE '2010-05-19');
INSERT INTO Friends (profile_ID,friend_ID,established,dateEstablished) VALUES (81,61,0, DATE '2009-06-25');
INSERT INTO Friends (profile_ID,friend_ID,established,dateEstablished) VALUES (70,72,1, DATE '2007-08-13');
INSERT INTO Friends (profile_ID,friend_ID,established,dateEstablished) VALUES (24,6,0, DATE '2008-06-25');
INSERT INTO Friends (profile_ID,friend_ID,established,dateEstablished) VALUES (72,41,1, DATE '2016-03-07');
INSERT INTO Friends (profile_ID,friend_ID,established,dateEstablished) VALUES (12,53,0, DATE '2006-10-09');
INSERT INTO Friends (profile_ID,friend_ID,established,dateEstablished) VALUES (39,61,1, DATE '2015-10-27');
INSERT INTO Friends (profile_ID,friend_ID,established,dateEstablished) VALUES (14,36,0, DATE '2009-12-23');
INSERT INTO Friends (profile_ID,friend_ID,established,dateEstablished) VALUES (47,18,0, DATE '2009-05-13');
INSERT INTO Friends (profile_ID,friend_ID,established,dateEstablished) VALUES (23,32,1, DATE '2014-08-07');
INSERT INTO Friends (profile_ID,friend_ID,established,dateEstablished) VALUES (75,18,1, DATE '2009-02-02');
INSERT INTO Friends (profile_ID,friend_ID,established,dateEstablished) VALUES (27,14,1, DATE '2010-10-19');
INSERT INTO Friends (profile_ID,friend_ID,established,dateEstablished) VALUES (27,48,0, DATE '2008-01-14');
INSERT INTO Friends (profile_ID,friend_ID,established,dateEstablished) VALUES (11,45,1, DATE '2007-02-01');
INSERT INTO Friends (profile_ID,friend_ID,established,dateEstablished) VALUES (75,93,1, DATE '2014-11-21');
INSERT INTO Friends (profile_ID,friend_ID,established,dateEstablished) VALUES (48,16,1, DATE '2006-04-19');
INSERT INTO Friends (profile_ID,friend_ID,established,dateEstablished) VALUES (76,14,1, DATE '2010-06-14');
INSERT INTO Friends (profile_ID,friend_ID,established,dateEstablished) VALUES (56,22,0, DATE '2012-05-01');
INSERT INTO Friends (profile_ID,friend_ID,established,dateEstablished) VALUES (69,80,0, DATE '2015-09-03');
INSERT INTO Friends (profile_ID,friend_ID,established,dateEstablished) VALUES (16,79,0, DATE '2006-03-02');
INSERT INTO Friends (profile_ID,friend_ID,established,dateEstablished) VALUES (33,9,1, DATE '2009-06-10');
INSERT INTO Friends (profile_ID,friend_ID,established,dateEstablished) VALUES (44,28,1, DATE '2016-04-09');
INSERT INTO Friends (profile_ID,friend_ID,established,dateEstablished) VALUES (16,31,1, DATE '2013-02-12');
INSERT INTO Friends (profile_ID,friend_ID,established,dateEstablished) VALUES (100,42,1, DATE '2011-04-30');

--Groups
INSERT INTO Groups (group_ID,groupName,description,memberLimit,numMembers) VALUES (1,'G1','adipiscing, enim mi tempor lorem,',77,3);
INSERT INTO Groups (group_ID,groupName,description,memberLimit,numMembers) VALUES (2,'G2','testing',95,6);
INSERT INTO Groups (group_ID,groupName,description,memberLimit,numMembers) VALUES (3,'G3','eu, euismod ac, fermentum vel,',11,3);
INSERT INTO Groups (group_ID,groupName,description,memberLimit,numMembers) VALUES (4,'G4','lobortis. Class aptent taciti sociosqu',33,5);
INSERT INTO Groups (group_ID,groupName,description,memberLimit,numMembers) VALUES (5,'G5','at pretium aliquet, metus urna',99,4);
INSERT INTO Groups (group_ID,groupName,description,memberLimit,numMembers) VALUES (6,'G6','neque sed dictum eleifend, nunc',68,10);
INSERT INTO Groups (group_ID,groupName,description,memberLimit,numMembers) VALUES (7,'G7','Cum sociis natoque penatibus et',10,4);
INSERT INTO Groups (group_ID,groupName,description,memberLimit,numMembers) VALUES (8,'G8','dolor vitae dolor. Donec fringilla.',15,12);
INSERT INTO Groups (group_ID,groupName,description,memberLimit,numMembers) VALUES (9,'G9','eu dui. Cum sociis natoque',81,26);
INSERT INTO Groups (group_ID,groupName,description,memberLimit,numMembers) VALUES (10,'G10','feugiat nec, diam. Duis mi',27,23);

--Members
INSERT INTO Members (group_ID,profile_ID) VALUES (1,68);
INSERT INTO Members (group_ID,profile_ID) VALUES (1,61);
INSERT INTO Members (group_ID,profile_ID) VALUES (1,84);
INSERT INTO Members (group_ID,profile_ID) VALUES (2,81);
INSERT INTO Members (group_ID,profile_ID) VALUES (2,56);
INSERT INTO Members (group_ID,profile_ID) VALUES (2,52);
INSERT INTO Members (group_ID,profile_ID) VALUES (2,61);
INSERT INTO Members (group_ID,profile_ID) VALUES (2,92);
INSERT INTO Members (group_ID,profile_ID) VALUES (2,73);
INSERT INTO Members (group_ID,profile_ID) VALUES (3,66);
INSERT INTO Members (group_ID,profile_ID) VALUES (3,56);
INSERT INTO Members (group_ID,profile_ID) VALUES (3,97);
INSERT INTO Members (group_ID,profile_ID) VALUES (3,15);
INSERT INTO Members (group_ID,profile_ID) VALUES (3,81);
INSERT INTO Members (group_ID,profile_ID) VALUES (3,76);
INSERT INTO Members (group_ID,profile_ID) VALUES (3,28);
INSERT INTO Members (group_ID,profile_ID) VALUES (3,22);
INSERT INTO Members (group_ID,profile_ID) VALUES (3,64);
INSERT INTO Members (group_ID,profile_ID) VALUES (3,74);
INSERT INTO Members (group_ID,profile_ID) VALUES (3,24);
INSERT INTO Members (group_ID,profile_ID) VALUES (4,8);
INSERT INTO Members (group_ID,profile_ID) VALUES (4,57);
INSERT INTO Members (group_ID,profile_ID) VALUES (4,10);
INSERT INTO Members (group_ID,profile_ID) VALUES (4,50);
INSERT INTO Members (group_ID,profile_ID) VALUES (4,66);
INSERT INTO Members (group_ID,profile_ID) VALUES (5,55);
INSERT INTO Members (group_ID,profile_ID) VALUES (5,33);
INSERT INTO Members (group_ID,profile_ID) VALUES (5,89);
INSERT INTO Members (group_ID,profile_ID) VALUES (5,47);
INSERT INTO Members (group_ID,profile_ID) VALUES (6,56);
INSERT INTO Members (group_ID,profile_ID) VALUES (6,14);
INSERT INTO Members (group_ID,profile_ID) VALUES (6,39);
INSERT INTO Members (group_ID,profile_ID) VALUES (6,83);
INSERT INTO Members (group_ID,profile_ID) VALUES (6,49);
INSERT INTO Members (group_ID,profile_ID) VALUES (6,93);
INSERT INTO Members (group_ID,profile_ID) VALUES (6,32);
INSERT INTO Members (group_ID,profile_ID) VALUES (6,40);
INSERT INTO Members (group_ID,profile_ID) VALUES (6,89);
INSERT INTO Members (group_ID,profile_ID) VALUES (6,69);
INSERT INTO Members (group_ID,profile_ID) VALUES (7,53);
INSERT INTO Members (group_ID,profile_ID) VALUES (7,38);
INSERT INTO Members (group_ID,profile_ID) VALUES (7,48);
INSERT INTO Members (group_ID,profile_ID) VALUES (7,94);
INSERT INTO Members (group_ID,profile_ID) VALUES (7,61);
INSERT INTO Members (group_ID,profile_ID) VALUES (7,28);
INSERT INTO Members (group_ID,profile_ID) VALUES (7,44);
INSERT INTO Members (group_ID,profile_ID) VALUES (7,50);
INSERT INTO Members (group_ID,profile_ID) VALUES (7,63);
INSERT INTO Members (group_ID,profile_ID) VALUES (7,22);
INSERT INTO Members (group_ID,profile_ID) VALUES (8,46);
INSERT INTO Members (group_ID,profile_ID) VALUES (8,19);
INSERT INTO Members (group_ID,profile_ID) VALUES (8,15);
INSERT INTO Members (group_ID,profile_ID) VALUES (8,8);
INSERT INTO Members (group_ID,profile_ID) VALUES (8,47);
INSERT INTO Members (group_ID,profile_ID) VALUES (8,78);
INSERT INTO Members (group_ID,profile_ID) VALUES (8,91);
INSERT INTO Members (group_ID,profile_ID) VALUES (8,88);
INSERT INTO Members (group_ID,profile_ID) VALUES (8,50);
INSERT INTO Members (group_ID,profile_ID) VALUES (8,25);
INSERT INTO Members (group_ID,profile_ID) VALUES (8,80);
INSERT INTO Members (group_ID,profile_ID) VALUES (8,99);
INSERT INTO Members (group_ID,profile_ID) VALUES (9,22);
INSERT INTO Members (group_ID,profile_ID) VALUES (9,10);
INSERT INTO Members (group_ID,profile_ID) VALUES (9,86);
INSERT INTO Members (group_ID,profile_ID) VALUES (9,2);
INSERT INTO Members (group_ID,profile_ID) VALUES (9,1);
INSERT INTO Members (group_ID,profile_ID) VALUES (9,26);
INSERT INTO Members (group_ID,profile_ID) VALUES (9,53);
INSERT INTO Members (group_ID,profile_ID) VALUES (9,43);
INSERT INTO Members (group_ID,profile_ID) VALUES (9,60);
INSERT INTO Members (group_ID,profile_ID) VALUES (9,38);
INSERT INTO Members (group_ID,profile_ID) VALUES (9,78);
INSERT INTO Members (group_ID,profile_ID) VALUES (9,47);
INSERT INTO Members (group_ID,profile_ID) VALUES (9,57);
INSERT INTO Members (group_ID,profile_ID) VALUES (9,4);
INSERT INTO Members (group_ID,profile_ID) VALUES (9,44);
INSERT INTO Members (group_ID,profile_ID) VALUES (9,35);
INSERT INTO Members (group_ID,profile_ID) VALUES (9,91);
INSERT INTO Members (group_ID,profile_ID) VALUES (9,74);
INSERT INTO Members (group_ID,profile_ID) VALUES (9,99);
INSERT INTO Members (group_ID,profile_ID) VALUES (9,13);
INSERT INTO Members (group_ID,profile_ID) VALUES (9,73);
INSERT INTO Members (group_ID,profile_ID) VALUES (9,5);
INSERT INTO Members (group_ID,profile_ID) VALUES (9,41);
INSERT INTO Members (group_ID,profile_ID) VALUES (9,61);
INSERT INTO Members (group_ID,profile_ID) VALUES (9,32);
INSERT INTO Members (group_ID,profile_ID) VALUES (9,96);
INSERT INTO Members (group_ID,profile_ID) VALUES (10,92);
INSERT INTO Members (group_ID,profile_ID) VALUES (10,90);
INSERT INTO Members (group_ID,profile_ID) VALUES (10,94);
INSERT INTO Members (group_ID,profile_ID) VALUES (10,80);
INSERT INTO Members (group_ID,profile_ID) VALUES (10,68);
INSERT INTO Members (group_ID,profile_ID) VALUES (10,79);
INSERT INTO Members (group_ID,profile_ID) VALUES (10,23);
INSERT INTO Members (group_ID,profile_ID) VALUES (10,100);
INSERT INTO Members (group_ID,profile_ID) VALUES (10,39);
INSERT INTO Members (group_ID,profile_ID) VALUES (10,58);
INSERT INTO Members (group_ID,profile_ID) VALUES (10,18);
INSERT INTO Members (group_ID,profile_ID) VALUES (10,45);
INSERT INTO Members (group_ID,profile_ID) VALUES (10,36);
INSERT INTO Members (group_ID,profile_ID) VALUES (10,78);
INSERT INTO Members (group_ID,profile_ID) VALUES (10,51);
INSERT INTO Members (group_ID,profile_ID) VALUES (10,67);
INSERT INTO Members (group_ID,profile_ID) VALUES (10,20);
INSERT INTO Members (group_ID,profile_ID) VALUES (10,69);
INSERT INTO Members (group_ID,profile_ID) VALUES (10,7);
INSERT INTO Members (group_ID,profile_ID) VALUES (10,97);
INSERT INTO Members (group_ID,profile_ID) VALUES (10,66);
INSERT INTO Members (group_ID,profile_ID) VALUES (10,50);
INSERT INTO Members (group_ID,profile_ID) VALUES (10,16);

--Messages
INSERT INTO Messages (msg_ID,sender_ID,recipient_ID,subject,msgText,timeSent) VALUES (1,22,57,'molestie','lacus pede sagittis', TIMESTAMP '2013-09-09 14:32:49');
INSERT INTO Messages (msg_ID,sender_ID,recipient_ID,subject,msgText,timeSent) VALUES (2,26,62,'nisl','viverra. Donec tempus,', TIMESTAMP '2013-03-16 16:31:09');
INSERT INTO Messages (msg_ID,sender_ID,recipient_ID,subject,msgText,timeSent) VALUES (3,66,52,'fringilla.','sit amet metus. Aliquam', TIMESTAMP '2010-11-09 15:03:57');
INSERT INTO Messages (msg_ID,sender_ID,recipient_ID,subject,msgText,timeSent) VALUES (4,76,43,'enim','laoreet lectus quis', TIMESTAMP '2014-03-20 23:12:44');
INSERT INTO Messages (msg_ID,sender_ID,recipient_ID,subject,msgText,timeSent) VALUES (5,16,45,'accumsan','senectus et netus et', TIMESTAMP '2007-05-04 05:32:46');
INSERT INTO Messages (msg_ID,sender_ID,recipient_ID,subject,msgText,timeSent) VALUES (6,9,12,'lorem,','nibh. Donec', TIMESTAMP '2009-05-12 23:39:43');
INSERT INTO Messages (msg_ID,sender_ID,recipient_ID,subject,msgText,timeSent) VALUES (7,62,52,'vitae,','eu arcu.', TIMESTAMP '2007-03-10 05:27:11');
INSERT INTO Messages (msg_ID,sender_ID,recipient_ID,subject,msgText,timeSent) VALUES (8,18,82,'lorem','tortor, dictum eu,', TIMESTAMP '2010-08-11 13:08:48');
INSERT INTO Messages (msg_ID,sender_ID,recipient_ID,subject,msgText,timeSent) VALUES (9,29,68,'Duis','nisl. Maecenas malesuada fringilla', TIMESTAMP '2009-10-02 17:31:08');
INSERT INTO Messages (msg_ID,sender_ID,recipient_ID,subject,msgText,timeSent) VALUES (10,34,40,'urna','mollis', TIMESTAMP '2011-11-15 00:08:15');
INSERT INTO Messages (msg_ID,sender_ID,recipient_ID,subject,msgText,timeSent) VALUES (11,97,55,'diam.','dictum. Proin eget', TIMESTAMP '2012-11-09 16:01:10');
INSERT INTO Messages (msg_ID,sender_ID,recipient_ID,subject,msgText,timeSent) VALUES (12,35,56,'Cras','sagittis placerat.', TIMESTAMP '2012-06-15 16:54:13');
INSERT INTO Messages (msg_ID,sender_ID,recipient_ID,subject,msgText,timeSent) VALUES (13,71,3,'convallis','ligula. Aenean euismod', TIMESTAMP '2006-11-15 16:33:00');
INSERT INTO Messages (msg_ID,sender_ID,recipient_ID,subject,msgText,timeSent) VALUES (14,85,67,'sit','blandit', TIMESTAMP '2008-05-02 18:14:42');
INSERT INTO Messages (msg_ID,sender_ID,recipient_ID,subject,msgText,timeSent) VALUES (15,75,43,'quam,','consectetuer ipsum nunc', TIMESTAMP '2007-12-23 13:30:44');
INSERT INTO Messages (msg_ID,sender_ID,recipient_ID,subject,msgText,timeSent) VALUES (16,23,86,'eros.','fringilla,', TIMESTAMP '2012-04-25 04:20:37');
INSERT INTO Messages (msg_ID,sender_ID,recipient_ID,subject,msgText,timeSent) VALUES (17,91,87,'Donec','semper erat,', TIMESTAMP '2013-08-25 04:38:01');
INSERT INTO Messages (msg_ID,sender_ID,recipient_ID,subject,msgText,timeSent) VALUES (18,52,94,'arcu','luctus', TIMESTAMP '2006-12-14 12:00:17');
INSERT INTO Messages (msg_ID,sender_ID,recipient_ID,subject,msgText,timeSent) VALUES (19,78,32,'hymenaeos.','pede nec ante blandit', TIMESTAMP '2011-10-08 11:59:46');
INSERT INTO Messages (msg_ID,sender_ID,recipient_ID,subject,msgText,timeSent) VALUES (20,76,10,'aliquet','id,', TIMESTAMP '2013-08-17 22:25:13');
INSERT INTO Messages (msg_ID,sender_ID,recipient_ID,subject,msgText,timeSent) VALUES (21,96,82,'orci.','amet', TIMESTAMP '2013-11-30 15:03:01');
INSERT INTO Messages (msg_ID,sender_ID,recipient_ID,subject,msgText,timeSent) VALUES (22,7,10,'eros.','et,', TIMESTAMP '2008-09-26 12:49:52');
INSERT INTO Messages (msg_ID,sender_ID,recipient_ID,subject,msgText,timeSent) VALUES (23,83,56,'nisi.','sagittis.', TIMESTAMP '2006-08-11 23:17:39');
INSERT INTO Messages (msg_ID,sender_ID,recipient_ID,subject,msgText,timeSent) VALUES (24,43,20,'elementum,','hendrerit consectetuer, cursus et,', TIMESTAMP '2011-02-16 06:42:57');
INSERT INTO Messages (msg_ID,sender_ID,recipient_ID,subject,msgText,timeSent) VALUES (25,33,16,'felis.','nulla magna,', TIMESTAMP '2009-05-30 14:26:06');
INSERT INTO Messages (msg_ID,sender_ID,recipient_ID,subject,msgText,timeSent) VALUES (26,100,2,'mattis','interdum', TIMESTAMP '2013-08-15 03:33:49');
INSERT INTO Messages (msg_ID,sender_ID,recipient_ID,subject,msgText,timeSent) VALUES (27,92,77,'Praesent','consectetuer adipiscing', TIMESTAMP '2011-09-29 22:00:26');
INSERT INTO Messages (msg_ID,sender_ID,recipient_ID,subject,msgText,timeSent) VALUES (28,92,93,'ipsum.','urna suscipit', TIMESTAMP '2014-05-12 22:56:50');
INSERT INTO Messages (msg_ID,sender_ID,recipient_ID,subject,msgText,timeSent) VALUES (29,10,51,'molestie','fermentum risus,', TIMESTAMP '2014-04-07 04:13:35');
INSERT INTO Messages (msg_ID,sender_ID,recipient_ID,subject,msgText,timeSent) VALUES (30,51,100,'ultrices','magna,', TIMESTAMP '2008-09-09 18:40:41');
INSERT INTO Messages (msg_ID,sender_ID,recipient_ID,subject,msgText,timeSent) VALUES (31,42,90,'Aenean','dictum.', TIMESTAMP '2013-04-01 23:28:20');
INSERT INTO Messages (msg_ID,sender_ID,recipient_ID,subject,msgText,timeSent) VALUES (32,28,34,'turpis','eu', TIMESTAMP '2009-01-01 13:51:16');
INSERT INTO Messages (msg_ID,sender_ID,recipient_ID,subject,msgText,timeSent) VALUES (33,65,77,'non','Suspendisse', TIMESTAMP '2013-12-14 12:27:00');
INSERT INTO Messages (msg_ID,sender_ID,recipient_ID,subject,msgText,timeSent) VALUES (34,47,70,'Etiam','Suspendisse sagittis. Nullam vitae', TIMESTAMP '2012-08-06 04:28:43');
INSERT INTO Messages (msg_ID,sender_ID,recipient_ID,subject,msgText,timeSent) VALUES (35,66,6,'velit','mauris id sapien. Cras', TIMESTAMP '2013-09-13 04:14:34');
INSERT INTO Messages (msg_ID,sender_ID,recipient_ID,subject,msgText,timeSent) VALUES (36,69,82,'Mauris','iaculis nec,', TIMESTAMP '2006-10-27 02:54:30');
INSERT INTO Messages (msg_ID,sender_ID,recipient_ID,subject,msgText,timeSent) VALUES (37,24,14,'auctor,','malesuada fames', TIMESTAMP '2014-12-26 16:01:37');
INSERT INTO Messages (msg_ID,sender_ID,recipient_ID,subject,msgText,timeSent) VALUES (38,4,54,'enim','libero. Morbi accumsan laoreet', TIMESTAMP '2006-07-02 18:10:15');
INSERT INTO Messages (msg_ID,sender_ID,recipient_ID,subject,msgText,timeSent) VALUES (39,38,39,'nisi','et magnis dis', TIMESTAMP '2007-03-21 16:08:17');
INSERT INTO Messages (msg_ID,sender_ID,recipient_ID,subject,msgText,timeSent) VALUES (40,17,61,'ornare.','quis urna.', TIMESTAMP '2007-07-15 18:26:02');
INSERT INTO Messages (msg_ID,sender_ID,recipient_ID,subject,msgText,timeSent) VALUES (41,56,73,'ante.','eu', TIMESTAMP '2009-02-10 19:47:08');
INSERT INTO Messages (msg_ID,sender_ID,recipient_ID,subject,msgText,timeSent) VALUES (42,16,72,'elit','dictum', TIMESTAMP '2010-08-04 09:08:41');
INSERT INTO Messages (msg_ID,sender_ID,recipient_ID,subject,msgText,timeSent) VALUES (43,15,17,'ornare.','diam. Proin dolor.', TIMESTAMP '2010-06-26 23:32:13');
INSERT INTO Messages (msg_ID,sender_ID,recipient_ID,subject,msgText,timeSent) VALUES (44,33,48,'vulputate','tellus justo', TIMESTAMP '2006-07-08 12:43:24');
INSERT INTO Messages (msg_ID,sender_ID,recipient_ID,subject,msgText,timeSent) VALUES (45,66,28,'dui,','nisi. Cum', TIMESTAMP '2012-09-02 01:55:35');
INSERT INTO Messages (msg_ID,sender_ID,recipient_ID,subject,msgText,timeSent) VALUES (46,84,57,'amet','libero dui', TIMESTAMP '2008-12-06 20:56:40');
INSERT INTO Messages (msg_ID,sender_ID,recipient_ID,subject,msgText,timeSent) VALUES (47,87,3,'arcu','metus sit', TIMESTAMP '2013-10-06 21:33:55');
INSERT INTO Messages (msg_ID,sender_ID,recipient_ID,subject,msgText,timeSent) VALUES (48,81,96,'Donec','gravida.', TIMESTAMP '2009-05-15 07:40:00');
INSERT INTO Messages (msg_ID,sender_ID,recipient_ID,subject,msgText,timeSent) VALUES (49,16,53,'magna.','orci luctus et', TIMESTAMP '2007-02-04 17:06:11');
INSERT INTO Messages (msg_ID,sender_ID,recipient_ID,subject,msgText,timeSent) VALUES (50,50,13,'interdum','eu dolor egestas', TIMESTAMP '2008-02-08 09:15:41');
INSERT INTO Messages (msg_ID,sender_ID,recipient_ID,subject,msgText,timeSent) VALUES (51,1,73,'felis','Sed nunc est, mollis', TIMESTAMP '2009-08-21 08:38:52');
INSERT INTO Messages (msg_ID,sender_ID,recipient_ID,subject,msgText,timeSent) VALUES (52,37,54,'libero','lectus. Nullam', TIMESTAMP '2014-03-16 11:18:47');
INSERT INTO Messages (msg_ID,sender_ID,recipient_ID,subject,msgText,timeSent) VALUES (53,10,90,'lobortis','risus, at fringilla', TIMESTAMP '2014-05-23 06:22:31');
INSERT INTO Messages (msg_ID,sender_ID,recipient_ID,subject,msgText,timeSent) VALUES (54,69,82,'vitae','lacus. Aliquam rutrum', TIMESTAMP '2007-07-06 02:59:02');
INSERT INTO Messages (msg_ID,sender_ID,recipient_ID,subject,msgText,timeSent) VALUES (55,62,88,'urna,','Suspendisse dui. Fusce diam', TIMESTAMP '2013-10-25 03:52:35');
INSERT INTO Messages (msg_ID,sender_ID,recipient_ID,subject,msgText,timeSent) VALUES (56,90,35,'malesuada','massa. Integer vitae nibh.', TIMESTAMP '2007-06-04 12:00:03');
INSERT INTO Messages (msg_ID,sender_ID,recipient_ID,subject,msgText,timeSent) VALUES (57,44,54,'nascetur','facilisis lorem tristique', TIMESTAMP '2012-04-03 20:30:21');
INSERT INTO Messages (msg_ID,sender_ID,recipient_ID,subject,msgText,timeSent) VALUES (58,47,2,'penatibus','Donec', TIMESTAMP '2010-03-22 02:35:40');
INSERT INTO Messages (msg_ID,sender_ID,recipient_ID,subject,msgText,timeSent) VALUES (59,59,24,'sit','velit eu sem. Pellentesque', TIMESTAMP '2008-08-08 00:53:03');
INSERT INTO Messages (msg_ID,sender_ID,recipient_ID,subject,msgText,timeSent) VALUES (60,95,26,'Nulla','rhoncus. Nullam velit', TIMESTAMP '2007-08-11 15:55:38');
INSERT INTO Messages (msg_ID,sender_ID,recipient_ID,subject,msgText,timeSent) VALUES (61,76,12,'urna','adipiscing elit.', TIMESTAMP '2015-03-31 23:54:07');
INSERT INTO Messages (msg_ID,sender_ID,recipient_ID,subject,msgText,timeSent) VALUES (62,41,25,'auctor','augue ut lacus. Nulla', TIMESTAMP '2009-02-17 02:36:56');
INSERT INTO Messages (msg_ID,sender_ID,recipient_ID,subject,msgText,timeSent) VALUES (63,54,12,'ligula.','egestas. Aliquam nec enim.', TIMESTAMP '2011-11-30 20:25:17');
INSERT INTO Messages (msg_ID,sender_ID,recipient_ID,subject,msgText,timeSent) VALUES (64,83,81,'a,','ligula eu', TIMESTAMP '2012-06-04 07:45:29');
INSERT INTO Messages (msg_ID,sender_ID,recipient_ID,subject,msgText,timeSent) VALUES (65,7,1,'vitae','dignissim pharetra. Nam', TIMESTAMP '2014-09-05 21:48:09');
INSERT INTO Messages (msg_ID,sender_ID,recipient_ID,subject,msgText,timeSent) VALUES (66,52,47,'Cras','ac mattis semper, dui', TIMESTAMP '2007-09-18 13:03:25');
INSERT INTO Messages (msg_ID,sender_ID,recipient_ID,subject,msgText,timeSent) VALUES (67,96,30,'Nam','Nunc lectus pede,', TIMESTAMP '2010-05-09 20:35:02');
INSERT INTO Messages (msg_ID,sender_ID,recipient_ID,subject,msgText,timeSent) VALUES (68,34,41,'sit','at auctor', TIMESTAMP '2014-05-23 15:44:12');
INSERT INTO Messages (msg_ID,sender_ID,recipient_ID,subject,msgText,timeSent) VALUES (69,18,85,'interdum.','mi lacinia mattis. Integer', TIMESTAMP '2008-10-23 09:49:18');
INSERT INTO Messages (msg_ID,sender_ID,recipient_ID,subject,msgText,timeSent) VALUES (70,2,95,'dolor','arcu. Curabitur', TIMESTAMP '2014-08-07 20:42:30');
INSERT INTO Messages (msg_ID,sender_ID,recipient_ID,subject,msgText,timeSent) VALUES (71,16,1,'faucibus','Integer vitae nibh.', TIMESTAMP '2013-10-09 05:49:53');
INSERT INTO Messages (msg_ID,sender_ID,recipient_ID,subject,msgText,timeSent) VALUES (72,98,88,'turpis','nascetur ridiculus mus.', TIMESTAMP '2008-07-07 17:24:51');
INSERT INTO Messages (msg_ID,sender_ID,recipient_ID,subject,msgText,timeSent) VALUES (73,14,28,'rhoncus.','Aliquam adipiscing lobortis', TIMESTAMP '2007-01-30 12:20:12');
INSERT INTO Messages (msg_ID,sender_ID,recipient_ID,subject,msgText,timeSent) VALUES (74,1,95,'velit','eget varius', TIMESTAMP '2015-02-26 02:42:49');
INSERT INTO Messages (msg_ID,sender_ID,recipient_ID,subject,msgText,timeSent) VALUES (75,32,46,'vehicula.','a purus. Duis', TIMESTAMP '2010-09-04 18:47:17');
INSERT INTO Messages (msg_ID,sender_ID,recipient_ID,subject,msgText,timeSent) VALUES (76,41,63,'et','risus. Morbi metus. Vivamus', TIMESTAMP '2012-01-27 16:57:08');
INSERT INTO Messages (msg_ID,sender_ID,recipient_ID,subject,msgText,timeSent) VALUES (77,46,72,'luctus','convallis, ante lectus convallis', TIMESTAMP '2014-08-02 05:22:41');
INSERT INTO Messages (msg_ID,sender_ID,recipient_ID,subject,msgText,timeSent) VALUES (78,62,29,'venenatis','sed sem', TIMESTAMP '2014-12-26 08:13:14');
INSERT INTO Messages (msg_ID,sender_ID,recipient_ID,subject,msgText,timeSent) VALUES (79,14,11,'ligula','enim non', TIMESTAMP '2009-11-17 02:36:12');
INSERT INTO Messages (msg_ID,sender_ID,recipient_ID,subject,msgText,timeSent) VALUES (80,59,77,'urna.','commodo', TIMESTAMP '2006-06-10 17:56:38');
INSERT INTO Messages (msg_ID,sender_ID,recipient_ID,subject,msgText,timeSent) VALUES (81,11,26,'Cras','Aliquam nec', TIMESTAMP '2008-07-04 23:15:49');
INSERT INTO Messages (msg_ID,sender_ID,recipient_ID,subject,msgText,timeSent) VALUES (82,31,28,'odio','erat nonummy ultricies', TIMESTAMP '2008-01-21 15:45:22');
INSERT INTO Messages (msg_ID,sender_ID,recipient_ID,subject,msgText,timeSent) VALUES (83,44,70,'gravida.','turpis egestas.', TIMESTAMP '2014-05-09 04:24:29');
INSERT INTO Messages (msg_ID,sender_ID,recipient_ID,subject,msgText,timeSent) VALUES (84,43,14,'sapien,','varius et, euismod', TIMESTAMP '2009-03-24 00:58:39');
INSERT INTO Messages (msg_ID,sender_ID,recipient_ID,subject,msgText,timeSent) VALUES (85,92,78,'Cum','tristique senectus et netus', TIMESTAMP '2009-06-18 23:05:16');
INSERT INTO Messages (msg_ID,sender_ID,recipient_ID,subject,msgText,timeSent) VALUES (86,28,82,'volutpat.','et ultrices posuere cubilia', TIMESTAMP '2009-05-26 05:51:05');
INSERT INTO Messages (msg_ID,sender_ID,recipient_ID,subject,msgText,timeSent) VALUES (87,96,81,'urna.','pharetra. Nam', TIMESTAMP '2007-07-28 17:11:03');
INSERT INTO Messages (msg_ID,sender_ID,recipient_ID,subject,msgText,timeSent) VALUES (88,98,91,'dictum','libero lacus, varius et,', TIMESTAMP '2007-01-21 21:07:54');
INSERT INTO Messages (msg_ID,sender_ID,recipient_ID,subject,msgText,timeSent) VALUES (89,69,94,'orci','fringilla', TIMESTAMP '2015-01-31 19:52:49');
INSERT INTO Messages (msg_ID,sender_ID,recipient_ID,subject,msgText,timeSent) VALUES (90,23,57,'Cras','Donec felis', TIMESTAMP '2010-04-13 16:19:56');
INSERT INTO Messages (msg_ID,sender_ID,recipient_ID,subject,msgText,timeSent) VALUES (91,57,4,'turpis','Suspendisse aliquet, sem', TIMESTAMP '2006-10-18 17:40:26');
INSERT INTO Messages (msg_ID,sender_ID,recipient_ID,subject,msgText,timeSent) VALUES (92,100,68,'luctus','mollis non,', TIMESTAMP '2011-12-30 20:04:18');
INSERT INTO Messages (msg_ID,sender_ID,recipient_ID,subject,msgText,timeSent) VALUES (93,28,95,'sed','Suspendisse aliquet', TIMESTAMP '2009-10-14 04:16:31');
INSERT INTO Messages (msg_ID,sender_ID,recipient_ID,subject,msgText,timeSent) VALUES (94,64,82,'tempor','Pellentesque habitant morbi', TIMESTAMP '2014-11-29 01:00:52');
INSERT INTO Messages (msg_ID,sender_ID,recipient_ID,subject,msgText,timeSent) VALUES (95,32,12,'consequat','arcu. Vestibulum ante ipsum', TIMESTAMP '2009-02-17 12:04:36');
INSERT INTO Messages (msg_ID,sender_ID,recipient_ID,subject,msgText,timeSent) VALUES (96,27,60,'Quisque','Donec nibh enim, gravida', TIMESTAMP '2011-12-18 15:52:10');
INSERT INTO Messages (msg_ID,sender_ID,recipient_ID,subject,msgText,timeSent) VALUES (97,25,18,'Donec','tortor, dictum eu, placerat', TIMESTAMP '2011-11-26 12:03:57');
INSERT INTO Messages (msg_ID,sender_ID,recipient_ID,subject,msgText,timeSent) VALUES (98,25,74,'sodales.','tortor, dictum eu,', TIMESTAMP '2011-06-08 01:42:40');
INSERT INTO Messages (msg_ID,sender_ID,recipient_ID,subject,msgText,timeSent) VALUES (99,86,45,'eget','Integer in magna.', TIMESTAMP '2012-06-15 18:36:49');
INSERT INTO Messages (msg_ID,sender_ID,recipient_ID,subject,msgText,timeSent) VALUES (100,89,66,'fermentum','Phasellus at augue id', TIMESTAMP '2011-01-02 10:15:21');
INSERT INTO Messages (msg_ID,sender_ID,recipient_ID,subject,msgText,timeSent) VALUES (101,66,5,'Nullam','erat volutpat.', TIMESTAMP '2006-04-20 05:28:14');
INSERT INTO Messages (msg_ID,sender_ID,recipient_ID,subject,msgText,timeSent) VALUES (102,58,53,'Aenean','vel turpis. Aliquam', TIMESTAMP '2007-11-01 03:16:44');
INSERT INTO Messages (msg_ID,sender_ID,recipient_ID,subject,msgText,timeSent) VALUES (103,44,59,'ipsum','Cum sociis natoque penatibus', TIMESTAMP '2010-10-11 19:21:50');
INSERT INTO Messages (msg_ID,sender_ID,recipient_ID,subject,msgText,timeSent) VALUES (104,37,34,'nunc,','lacus, varius et, euismod', TIMESTAMP '2008-02-02 23:13:41');
INSERT INTO Messages (msg_ID,sender_ID,recipient_ID,subject,msgText,timeSent) VALUES (105,64,69,'Aliquam','dictum. Phasellus in', TIMESTAMP '2010-07-18 03:55:09');
INSERT INTO Messages (msg_ID,sender_ID,recipient_ID,subject,msgText,timeSent) VALUES (106,10,69,'iaculis,','erat vitae risus.', TIMESTAMP '2006-04-17 08:17:16');
INSERT INTO Messages (msg_ID,sender_ID,recipient_ID,subject,msgText,timeSent) VALUES (107,61,93,'metus.','diam', TIMESTAMP '2014-12-21 08:13:39');
INSERT INTO Messages (msg_ID,sender_ID,recipient_ID,subject,msgText,timeSent) VALUES (108,66,50,'eu','Ut semper', TIMESTAMP '2014-01-30 03:30:49');
INSERT INTO Messages (msg_ID,sender_ID,recipient_ID,subject,msgText,timeSent) VALUES (109,37,77,'auctor','Phasellus in', TIMESTAMP '2009-01-26 13:06:36');
INSERT INTO Messages (msg_ID,sender_ID,recipient_ID,subject,msgText,timeSent) VALUES (110,51,73,'dolor','Sed eu eros.', TIMESTAMP '2009-12-25 12:13:20');
INSERT INTO Messages (msg_ID,sender_ID,recipient_ID,subject,msgText,timeSent) VALUES (111,86,1,'arcu.','convallis est, vitae sodales', TIMESTAMP '2012-10-26 06:38:24');
INSERT INTO Messages (msg_ID,sender_ID,recipient_ID,subject,msgText,timeSent) VALUES (112,43,12,'libero','Sed nunc', TIMESTAMP '2012-09-09 17:23:38');
INSERT INTO Messages (msg_ID,sender_ID,recipient_ID,subject,msgText,timeSent) VALUES (113,48,84,'eget','Nunc commodo auctor velit.', TIMESTAMP '2007-03-13 23:31:55');
INSERT INTO Messages (msg_ID,sender_ID,recipient_ID,subject,msgText,timeSent) VALUES (114,57,61,'eu','congue. In scelerisque scelerisque', TIMESTAMP '2014-11-11 17:24:16');
INSERT INTO Messages (msg_ID,sender_ID,recipient_ID,subject,msgText,timeSent) VALUES (115,69,78,'Fusce','Cras vulputate velit', TIMESTAMP '2012-12-15 19:21:59');
INSERT INTO Messages (msg_ID,sender_ID,recipient_ID,subject,msgText,timeSent) VALUES (116,96,59,'mollis.','at', TIMESTAMP '2012-11-15 14:58:55');
INSERT INTO Messages (msg_ID,sender_ID,recipient_ID,subject,msgText,timeSent) VALUES (117,21,79,'Nullam','nec orci. Donec', TIMESTAMP '2015-04-06 14:20:18');
INSERT INTO Messages (msg_ID,sender_ID,recipient_ID,subject,msgText,timeSent) VALUES (118,35,46,'lacus.','risus varius orci, in', TIMESTAMP '2012-11-16 10:11:21');
INSERT INTO Messages (msg_ID,sender_ID,recipient_ID,subject,msgText,timeSent) VALUES (119,61,36,'erat.','mattis semper, dui', TIMESTAMP '2007-06-29 08:10:24');
INSERT INTO Messages (msg_ID,sender_ID,recipient_ID,subject,msgText,timeSent) VALUES (120,61,92,'ullamcorper,','vulputate, lacus.', TIMESTAMP '2011-03-23 12:25:32');
INSERT INTO Messages (msg_ID,sender_ID,recipient_ID,subject,msgText,timeSent) VALUES (121,86,1,'semper.','metus. In lorem. Donec', TIMESTAMP '2014-09-12 20:55:20');
INSERT INTO Messages (msg_ID,sender_ID,recipient_ID,subject,msgText,timeSent) VALUES (122,95,22,'ligula.','aliquet libero. Integer', TIMESTAMP '2009-08-16 07:30:38');
INSERT INTO Messages (msg_ID,sender_ID,recipient_ID,subject,msgText,timeSent) VALUES (123,55,88,'dictum','dictum augue', TIMESTAMP '2012-08-08 15:48:01');
INSERT INTO Messages (msg_ID,sender_ID,recipient_ID,subject,msgText,timeSent) VALUES (124,72,74,'habitant','dignissim', TIMESTAMP '2014-10-28 12:25:58');
INSERT INTO Messages (msg_ID,sender_ID,recipient_ID,subject,msgText,timeSent) VALUES (125,7,52,'risus.','eget magna. Suspendisse', TIMESTAMP '2013-05-22 22:17:36');
INSERT INTO Messages (msg_ID,sender_ID,recipient_ID,subject,msgText,timeSent) VALUES (126,21,86,'libero.','placerat. Cras dictum ultricies', TIMESTAMP '2010-12-25 05:03:15');
INSERT INTO Messages (msg_ID,sender_ID,recipient_ID,subject,msgText,timeSent) VALUES (127,78,92,'nec,','velit in aliquet lobortis,', TIMESTAMP '2012-10-31 00:12:53');
INSERT INTO Messages (msg_ID,sender_ID,recipient_ID,subject,msgText,timeSent) VALUES (128,87,21,'quis','hendrerit neque. In', TIMESTAMP '2012-04-18 17:14:16');
INSERT INTO Messages (msg_ID,sender_ID,recipient_ID,subject,msgText,timeSent) VALUES (129,46,62,'Sed','facilisis,', TIMESTAMP '2013-06-21 14:16:52');
INSERT INTO Messages (msg_ID,sender_ID,recipient_ID,subject,msgText,timeSent) VALUES (130,82,16,'massa.','nec', TIMESTAMP '2013-11-09 05:35:26');
INSERT INTO Messages (msg_ID,sender_ID,recipient_ID,subject,msgText,timeSent) VALUES (131,2,12,'vestibulum','adipiscing. Mauris molestie pharetra', TIMESTAMP '2013-10-08 08:19:06');
INSERT INTO Messages (msg_ID,sender_ID,recipient_ID,subject,msgText,timeSent) VALUES (132,93,78,'eget','nibh dolor,', TIMESTAMP '2011-02-06 07:03:33');
INSERT INTO Messages (msg_ID,sender_ID,recipient_ID,subject,msgText,timeSent) VALUES (133,4,78,'sapien.','dui nec', TIMESTAMP '2014-09-30 17:57:58');
INSERT INTO Messages (msg_ID,sender_ID,recipient_ID,subject,msgText,timeSent) VALUES (134,15,43,'sodales.','quam.', TIMESTAMP '2009-09-20 13:22:06');
INSERT INTO Messages (msg_ID,sender_ID,recipient_ID,subject,msgText,timeSent) VALUES (135,2,81,'placerat.','a, malesuada id, erat.', TIMESTAMP '2006-04-08 10:20:08');
INSERT INTO Messages (msg_ID,sender_ID,recipient_ID,subject,msgText,timeSent) VALUES (136,99,53,'odio.','dapibus', TIMESTAMP '2011-06-02 04:18:53');
INSERT INTO Messages (msg_ID,sender_ID,recipient_ID,subject,msgText,timeSent) VALUES (137,11,94,'at','mauris sagittis placerat. Cras', TIMESTAMP '2009-07-31 14:50:16');
INSERT INTO Messages (msg_ID,sender_ID,recipient_ID,subject,msgText,timeSent) VALUES (138,33,71,'Sed','ante bibendum', TIMESTAMP '2011-04-11 15:59:26');
INSERT INTO Messages (msg_ID,sender_ID,recipient_ID,subject,msgText,timeSent) VALUES (139,66,39,'tincidunt','mi enim, condimentum', TIMESTAMP '2006-07-04 16:16:16');
INSERT INTO Messages (msg_ID,sender_ID,recipient_ID,subject,msgText,timeSent) VALUES (140,7,51,'sem','dolor,', TIMESTAMP '2015-03-04 18:12:17');
INSERT INTO Messages (msg_ID,sender_ID,recipient_ID,subject,msgText,timeSent) VALUES (141,85,30,'rhoncus','Quisque imperdiet,', TIMESTAMP '2011-06-17 06:29:04');
INSERT INTO Messages (msg_ID,sender_ID,recipient_ID,subject,msgText,timeSent) VALUES (142,85,93,'consectetuer','euismod mauris', TIMESTAMP '2008-04-04 09:32:57');
INSERT INTO Messages (msg_ID,sender_ID,recipient_ID,subject,msgText,timeSent) VALUES (143,75,55,'egestas,','facilisis facilisis, magna tellus', TIMESTAMP '2007-05-30 03:55:11');
INSERT INTO Messages (msg_ID,sender_ID,recipient_ID,subject,msgText,timeSent) VALUES (144,63,90,'orci.','dui augue', TIMESTAMP '2014-01-16 03:14:39');
INSERT INTO Messages (msg_ID,sender_ID,recipient_ID,subject,msgText,timeSent) VALUES (145,10,81,'elit.','est. Mauris eu turpis.', TIMESTAMP '2014-08-24 16:43:41');
INSERT INTO Messages (msg_ID,sender_ID,recipient_ID,subject,msgText,timeSent) VALUES (146,56,89,'ullamcorper,','non, vestibulum nec, euismod', TIMESTAMP '2010-02-19 08:25:11');
INSERT INTO Messages (msg_ID,sender_ID,recipient_ID,subject,msgText,timeSent) VALUES (147,30,8,'tempor','elementum purus, accumsan', TIMESTAMP '2014-04-13 17:36:09');
INSERT INTO Messages (msg_ID,sender_ID,recipient_ID,subject,msgText,timeSent) VALUES (148,79,17,'placerat,','dolor. Donec fringilla.', TIMESTAMP '2006-05-21 15:31:03');
INSERT INTO Messages (msg_ID,sender_ID,recipient_ID,subject,msgText,timeSent) VALUES (149,64,19,'Nulla','odio', TIMESTAMP '2010-09-11 23:49:54');
INSERT INTO Messages (msg_ID,sender_ID,recipient_ID,subject,msgText,timeSent) VALUES (150,6,65,'ante','velit eu', TIMESTAMP '2008-11-04 12:34:31');
INSERT INTO Messages (msg_ID,sender_ID,recipient_ID,subject,msgText,timeSent) VALUES (151,97,43,'sagittis','consequat enim', TIMESTAMP '2013-04-15 14:37:56');
INSERT INTO Messages (msg_ID,sender_ID,recipient_ID,subject,msgText,timeSent) VALUES (152,36,67,'Nulla','enim nec tempus scelerisque,', TIMESTAMP '2008-09-13 13:00:18');
INSERT INTO Messages (msg_ID,sender_ID,recipient_ID,subject,msgText,timeSent) VALUES (153,49,16,'magna','congue a, aliquet', TIMESTAMP '2011-11-05 16:59:25');
INSERT INTO Messages (msg_ID,sender_ID,recipient_ID,subject,msgText,timeSent) VALUES (154,31,54,'elementum,','id magna et', TIMESTAMP '2014-01-25 17:16:20');
INSERT INTO Messages (msg_ID,sender_ID,recipient_ID,subject,msgText,timeSent) VALUES (155,23,5,'odio','purus ac', TIMESTAMP '2008-12-12 09:43:35');
INSERT INTO Messages (msg_ID,sender_ID,recipient_ID,subject,msgText,timeSent) VALUES (156,99,74,'scelerisque','amet, faucibus ut, nulla.', TIMESTAMP '2011-07-05 11:22:26');
INSERT INTO Messages (msg_ID,sender_ID,recipient_ID,subject,msgText,timeSent) VALUES (157,7,68,'pellentesque.','arcu. Vestibulum', TIMESTAMP '2012-09-03 13:44:34');
INSERT INTO Messages (msg_ID,sender_ID,recipient_ID,subject,msgText,timeSent) VALUES (158,87,69,'non','Donec nibh enim,', TIMESTAMP '2013-01-17 13:20:56');
INSERT INTO Messages (msg_ID,sender_ID,recipient_ID,subject,msgText,timeSent) VALUES (159,37,5,'commodo','ultrices a, auctor', TIMESTAMP '2012-06-28 20:08:13');
INSERT INTO Messages (msg_ID,sender_ID,recipient_ID,subject,msgText,timeSent) VALUES (160,32,39,'Donec','Nullam', TIMESTAMP '2015-04-10 03:22:31');
INSERT INTO Messages (msg_ID,sender_ID,recipient_ID,subject,msgText,timeSent) VALUES (161,95,29,'ipsum','egestas. Aliquam', TIMESTAMP '2008-01-23 22:46:00');
INSERT INTO Messages (msg_ID,sender_ID,recipient_ID,subject,msgText,timeSent) VALUES (162,88,54,'eget','diam nunc,', TIMESTAMP '2006-08-21 08:46:39');
INSERT INTO Messages (msg_ID,sender_ID,recipient_ID,subject,msgText,timeSent) VALUES (163,37,24,'sagittis','auctor, velit eget laoreet', TIMESTAMP '2014-02-15 19:15:50');
INSERT INTO Messages (msg_ID,sender_ID,recipient_ID,subject,msgText,timeSent) VALUES (164,10,95,'auctor','Maecenas', TIMESTAMP '2007-07-13 08:50:04');
INSERT INTO Messages (msg_ID,sender_ID,recipient_ID,subject,msgText,timeSent) VALUES (165,20,75,'risus','nec enim. Nunc', TIMESTAMP '2007-04-05 04:33:39');
INSERT INTO Messages (msg_ID,sender_ID,recipient_ID,subject,msgText,timeSent) VALUES (166,84,49,'Suspendisse','eros. Proin ultrices. Duis', TIMESTAMP '2013-01-23 03:11:32');
INSERT INTO Messages (msg_ID,sender_ID,recipient_ID,subject,msgText,timeSent) VALUES (167,29,52,'ullamcorper.','tempor, est ac mattis', TIMESTAMP '2014-10-02 03:23:39');
INSERT INTO Messages (msg_ID,sender_ID,recipient_ID,subject,msgText,timeSent) VALUES (168,30,65,'Quisque','Quisque nonummy', TIMESTAMP '2011-01-11 05:48:08');
INSERT INTO Messages (msg_ID,sender_ID,recipient_ID,subject,msgText,timeSent) VALUES (169,77,25,'lacinia','vel, convallis', TIMESTAMP '2014-08-23 22:43:47');
INSERT INTO Messages (msg_ID,sender_ID,recipient_ID,subject,msgText,timeSent) VALUES (170,79,41,'Suspendisse','congue,', TIMESTAMP '2009-05-04 06:01:49');
INSERT INTO Messages (msg_ID,sender_ID,recipient_ID,subject,msgText,timeSent) VALUES (171,62,52,'lectus.','lectus, a sollicitudin orci', TIMESTAMP '2013-01-15 11:24:19');
INSERT INTO Messages (msg_ID,sender_ID,recipient_ID,subject,msgText,timeSent) VALUES (172,94,12,'ac','Duis cursus, diam at', TIMESTAMP '2009-11-21 02:06:32');
INSERT INTO Messages (msg_ID,sender_ID,recipient_ID,subject,msgText,timeSent) VALUES (173,76,51,'non,','Sed dictum. Proin', TIMESTAMP '2011-03-04 07:44:36');
INSERT INTO Messages (msg_ID,sender_ID,recipient_ID,subject,msgText,timeSent) VALUES (174,97,70,'pede,','viverra.', TIMESTAMP '2007-08-25 07:06:29');
INSERT INTO Messages (msg_ID,sender_ID,recipient_ID,subject,msgText,timeSent) VALUES (175,55,3,'sit','In', TIMESTAMP '2009-10-25 04:12:19');
INSERT INTO Messages (msg_ID,sender_ID,recipient_ID,subject,msgText,timeSent) VALUES (176,66,14,'tempus','nonummy ut, molestie in,', TIMESTAMP '2011-06-14 23:45:26');
INSERT INTO Messages (msg_ID,sender_ID,recipient_ID,subject,msgText,timeSent) VALUES (177,26,18,'neque.','lorem,', TIMESTAMP '2010-05-11 14:28:11');
INSERT INTO Messages (msg_ID,sender_ID,recipient_ID,subject,msgText,timeSent) VALUES (178,24,79,'ipsum','lorem, luctus ut,', TIMESTAMP '2009-07-28 21:10:22');
INSERT INTO Messages (msg_ID,sender_ID,recipient_ID,subject,msgText,timeSent) VALUES (179,38,23,'Fusce','magna. Duis dignissim', TIMESTAMP '2010-12-16 05:33:59');
INSERT INTO Messages (msg_ID,sender_ID,recipient_ID,subject,msgText,timeSent) VALUES (180,98,22,'Suspendisse','cubilia Curae Donec', TIMESTAMP '2015-03-24 07:23:48');
INSERT INTO Messages (msg_ID,sender_ID,recipient_ID,subject,msgText,timeSent) VALUES (181,89,76,'Proin','elit, pellentesque a,', TIMESTAMP '2010-06-28 22:14:24');
INSERT INTO Messages (msg_ID,sender_ID,recipient_ID,subject,msgText,timeSent) VALUES (182,96,62,'massa.','Proin', TIMESTAMP '2012-08-06 03:25:32');
INSERT INTO Messages (msg_ID,sender_ID,recipient_ID,subject,msgText,timeSent) VALUES (183,49,83,'vestibulum','sit amet', TIMESTAMP '2007-11-10 16:41:18');
INSERT INTO Messages (msg_ID,sender_ID,recipient_ID,subject,msgText,timeSent) VALUES (184,81,2,'pede.','est mauris, rhoncus id,', TIMESTAMP '2008-06-23 17:56:26');
INSERT INTO Messages (msg_ID,sender_ID,recipient_ID,subject,msgText,timeSent) VALUES (185,92,95,'id,','magna.', TIMESTAMP '2007-11-21 01:54:10');
INSERT INTO Messages (msg_ID,sender_ID,recipient_ID,subject,msgText,timeSent) VALUES (186,39,77,'libero','purus. Duis', TIMESTAMP '2015-03-21 09:40:30');
INSERT INTO Messages (msg_ID,sender_ID,recipient_ID,subject,msgText,timeSent) VALUES (187,12,88,'faucibus','est ac facilisis facilisis,', TIMESTAMP '2008-06-29 09:35:52');
INSERT INTO Messages (msg_ID,sender_ID,recipient_ID,subject,msgText,timeSent) VALUES (188,7,33,'gravida.','rutrum. Fusce', TIMESTAMP '2009-02-22 11:07:51');
INSERT INTO Messages (msg_ID,sender_ID,recipient_ID,subject,msgText,timeSent) VALUES (189,80,16,'Integer','iaculis', TIMESTAMP '2013-05-10 00:58:26');
INSERT INTO Messages (msg_ID,sender_ID,recipient_ID,subject,msgText,timeSent) VALUES (190,3,23,'tristique','in,', TIMESTAMP '2007-10-04 15:10:42');
INSERT INTO Messages (msg_ID,sender_ID,recipient_ID,subject,msgText,timeSent) VALUES (191,59,73,'posuere,','amet', TIMESTAMP '2008-10-07 11:52:26');
INSERT INTO Messages (msg_ID,sender_ID,recipient_ID,subject,msgText,timeSent) VALUES (192,54,24,'eros.','sem ut dolor', TIMESTAMP '2013-05-10 00:20:32');
INSERT INTO Messages (msg_ID,sender_ID,recipient_ID,subject,msgText,timeSent) VALUES (193,75,100,'odio','quis,', TIMESTAMP '2007-03-11 03:54:14');
INSERT INTO Messages (msg_ID,sender_ID,recipient_ID,subject,msgText,timeSent) VALUES (194,45,16,'Aliquam','sollicitudin', TIMESTAMP '2008-09-26 07:40:04');
INSERT INTO Messages (msg_ID,sender_ID,recipient_ID,subject,msgText,timeSent) VALUES (195,42,79,'ultrices','Nulla', TIMESTAMP '2008-05-14 03:13:23');
INSERT INTO Messages (msg_ID,sender_ID,recipient_ID,subject,msgText,timeSent) VALUES (196,39,23,'erat','consectetuer', TIMESTAMP '2008-08-26 16:18:05');
INSERT INTO Messages (msg_ID,sender_ID,recipient_ID,subject,msgText,timeSent) VALUES (197,100,45,'eu,','sed, facilisis', TIMESTAMP '2009-01-02 12:03:49');
INSERT INTO Messages (msg_ID,sender_ID,recipient_ID,subject,msgText,timeSent) VALUES (198,80,55,'lobortis,','Mauris', TIMESTAMP '2015-02-13 21:58:19');
INSERT INTO Messages (msg_ID,sender_ID,recipient_ID,subject,msgText,timeSent) VALUES (199,79,86,'velit.','Ut semper', TIMESTAMP '2012-11-09 10:55:15');
INSERT INTO Messages (msg_ID,sender_ID,recipient_ID,subject,msgText,timeSent) VALUES (200,28,23,'justo.','nibh.', TIMESTAMP '2010-01-15 12:26:40');
INSERT INTO Messages (msg_ID,sender_ID,recipient_ID,subject,msgText,timeSent) VALUES (201,43,23,'aliquet.','eget odio.', TIMESTAMP '2009-09-17 01:01:26');
INSERT INTO Messages (msg_ID,sender_ID,recipient_ID,subject,msgText,timeSent) VALUES (202,77,48,'turpis','montes, nascetur ridiculus mus.', TIMESTAMP '2007-05-15 08:26:12');
INSERT INTO Messages (msg_ID,sender_ID,recipient_ID,subject,msgText,timeSent) VALUES (203,39,91,'dictum','Pellentesque ut ipsum ac', TIMESTAMP '2006-09-06 05:46:42');
INSERT INTO Messages (msg_ID,sender_ID,recipient_ID,subject,msgText,timeSent) VALUES (204,100,37,'et','nisl. Quisque', TIMESTAMP '2012-03-27 20:36:17');
INSERT INTO Messages (msg_ID,sender_ID,recipient_ID,subject,msgText,timeSent) VALUES (205,13,49,'nec,','venenatis lacus. Etiam bibendum', TIMESTAMP '2009-11-05 02:11:15');
INSERT INTO Messages (msg_ID,sender_ID,recipient_ID,subject,msgText,timeSent) VALUES (206,12,39,'fringilla','nisl. Nulla', TIMESTAMP '2012-08-02 11:38:22');
INSERT INTO Messages (msg_ID,sender_ID,recipient_ID,subject,msgText,timeSent) VALUES (207,53,90,'eros.','ante ipsum', TIMESTAMP '2009-07-07 11:12:27');
INSERT INTO Messages (msg_ID,sender_ID,recipient_ID,subject,msgText,timeSent) VALUES (208,49,95,'Mauris','accumsan neque', TIMESTAMP '2011-02-19 10:52:31');
INSERT INTO Messages (msg_ID,sender_ID,recipient_ID,subject,msgText,timeSent) VALUES (209,45,6,'lorem','dignissim lacus.', TIMESTAMP '2009-09-14 07:44:16');
INSERT INTO Messages (msg_ID,sender_ID,recipient_ID,subject,msgText,timeSent) VALUES (210,16,28,'Phasellus','vitae, orci.', TIMESTAMP '2012-10-10 08:58:03');
INSERT INTO Messages (msg_ID,sender_ID,recipient_ID,subject,msgText,timeSent) VALUES (211,48,78,'netus','eleifend', TIMESTAMP '2012-08-12 18:23:09');
INSERT INTO Messages (msg_ID,sender_ID,recipient_ID,subject,msgText,timeSent) VALUES (212,48,1,'Fusce','at,', TIMESTAMP '2009-01-12 16:00:24');
INSERT INTO Messages (msg_ID,sender_ID,recipient_ID,subject,msgText,timeSent) VALUES (213,94,44,'neque','Nam', TIMESTAMP '2006-07-31 11:35:21');
INSERT INTO Messages (msg_ID,sender_ID,recipient_ID,subject,msgText,timeSent) VALUES (214,73,42,'cubilia','lorem,', TIMESTAMP '2007-02-11 22:58:51');
INSERT INTO Messages (msg_ID,sender_ID,recipient_ID,subject,msgText,timeSent) VALUES (215,5,44,'Nullam','laoreet posuere, enim', TIMESTAMP '2009-08-31 21:20:25');
INSERT INTO Messages (msg_ID,sender_ID,recipient_ID,subject,msgText,timeSent) VALUES (216,85,32,'euismod','Vivamus', TIMESTAMP '2009-10-01 10:02:14');
INSERT INTO Messages (msg_ID,sender_ID,recipient_ID,subject,msgText,timeSent) VALUES (217,74,27,'at','tincidunt dui', TIMESTAMP '2012-03-02 03:25:32');
INSERT INTO Messages (msg_ID,sender_ID,recipient_ID,subject,msgText,timeSent) VALUES (218,44,28,'Sed','Duis gravida. Praesent', TIMESTAMP '2011-07-12 07:54:31');
INSERT INTO Messages (msg_ID,sender_ID,recipient_ID,subject,msgText,timeSent) VALUES (219,91,89,'dapibus','dui nec urna suscipit', TIMESTAMP '2010-10-27 21:52:16');
INSERT INTO Messages (msg_ID,sender_ID,recipient_ID,subject,msgText,timeSent) VALUES (220,30,10,'primis','Morbi sit amet massa.', TIMESTAMP '2012-03-11 23:21:50');
INSERT INTO Messages (msg_ID,sender_ID,recipient_ID,subject,msgText,timeSent) VALUES (221,38,7,'est.','odio sagittis', TIMESTAMP '2009-07-13 06:47:28');
INSERT INTO Messages (msg_ID,sender_ID,recipient_ID,subject,msgText,timeSent) VALUES (222,55,78,'tellus','In', TIMESTAMP '2013-11-03 02:51:45');
INSERT INTO Messages (msg_ID,sender_ID,recipient_ID,subject,msgText,timeSent) VALUES (223,40,36,'amet','In', TIMESTAMP '2011-07-28 10:53:02');
INSERT INTO Messages (msg_ID,sender_ID,recipient_ID,subject,msgText,timeSent) VALUES (224,80,94,'elit','placerat velit. Quisque', TIMESTAMP '2011-07-12 17:10:09');
INSERT INTO Messages (msg_ID,sender_ID,recipient_ID,subject,msgText,timeSent) VALUES (225,61,35,'tempus','neque', TIMESTAMP '2012-07-07 02:32:11');
INSERT INTO Messages (msg_ID,sender_ID,recipient_ID,subject,msgText,timeSent) VALUES (226,74,97,'arcu','elit, pellentesque a, facilisis', TIMESTAMP '2011-11-24 13:32:15');
INSERT INTO Messages (msg_ID,sender_ID,recipient_ID,subject,msgText,timeSent) VALUES (227,5,24,'arcu','a', TIMESTAMP '2011-12-06 22:17:44');
INSERT INTO Messages (msg_ID,sender_ID,recipient_ID,subject,msgText,timeSent) VALUES (228,82,26,'egestas.','mus.', TIMESTAMP '2007-01-26 17:14:24');
INSERT INTO Messages (msg_ID,sender_ID,recipient_ID,subject,msgText,timeSent) VALUES (229,87,18,'quis','vulputate ullamcorper', TIMESTAMP '2013-04-09 05:41:22');
INSERT INTO Messages (msg_ID,sender_ID,recipient_ID,subject,msgText,timeSent) VALUES (230,18,93,'pellentesque','senectus et netus', TIMESTAMP '2007-05-23 02:20:50');
INSERT INTO Messages (msg_ID,sender_ID,recipient_ID,subject,msgText,timeSent) VALUES (231,15,61,'arcu','neque.', TIMESTAMP '2010-01-13 13:24:56');
INSERT INTO Messages (msg_ID,sender_ID,recipient_ID,subject,msgText,timeSent) VALUES (232,74,39,'Donec','orci lobortis augue', TIMESTAMP '2007-05-01 15:44:25');
INSERT INTO Messages (msg_ID,sender_ID,recipient_ID,subject,msgText,timeSent) VALUES (233,21,88,'tellus','vulputate, nisi', TIMESTAMP '2010-12-20 23:04:13');
INSERT INTO Messages (msg_ID,sender_ID,recipient_ID,subject,msgText,timeSent) VALUES (234,71,70,'tincidunt','vestibulum', TIMESTAMP '2011-05-26 06:10:15');
INSERT INTO Messages (msg_ID,sender_ID,recipient_ID,subject,msgText,timeSent) VALUES (235,61,8,'Ut','a neque.', TIMESTAMP '2010-05-09 07:42:39');
INSERT INTO Messages (msg_ID,sender_ID,recipient_ID,subject,msgText,timeSent) VALUES (236,52,35,'feugiat','Integer mollis. Integer', TIMESTAMP '2009-10-21 20:22:36');
INSERT INTO Messages (msg_ID,sender_ID,recipient_ID,subject,msgText,timeSent) VALUES (237,52,68,'et','habitant', TIMESTAMP '2014-12-31 21:29:24');
INSERT INTO Messages (msg_ID,sender_ID,recipient_ID,subject,msgText,timeSent) VALUES (238,72,32,'malesuada','ullamcorper. Duis cursus, diam', TIMESTAMP '2010-01-22 10:01:15');
INSERT INTO Messages (msg_ID,sender_ID,recipient_ID,subject,msgText,timeSent) VALUES (239,42,31,'Sed','sed dictum eleifend,', TIMESTAMP '2011-12-09 20:39:02');
INSERT INTO Messages (msg_ID,sender_ID,recipient_ID,subject,msgText,timeSent) VALUES (240,77,9,'justo','lobortis. Class aptent taciti', TIMESTAMP '2014-05-27 11:37:23');
INSERT INTO Messages (msg_ID,sender_ID,recipient_ID,subject,msgText,timeSent) VALUES (241,11,74,'neque','ultricies', TIMESTAMP '2013-03-10 12:58:54');
INSERT INTO Messages (msg_ID,sender_ID,recipient_ID,subject,msgText,timeSent) VALUES (242,81,37,'Aliquam','id', TIMESTAMP '2015-02-28 09:32:14');
INSERT INTO Messages (msg_ID,sender_ID,recipient_ID,subject,msgText,timeSent) VALUES (243,44,49,'erat.','a', TIMESTAMP '2006-07-14 10:54:28');
INSERT INTO Messages (msg_ID,sender_ID,recipient_ID,subject,msgText,timeSent) VALUES (244,52,47,'non','nulla', TIMESTAMP '2009-04-24 07:22:09');
INSERT INTO Messages (msg_ID,sender_ID,recipient_ID,subject,msgText,timeSent) VALUES (245,90,62,'fermentum','orci. Ut semper pretium', TIMESTAMP '2010-01-29 21:38:06');
INSERT INTO Messages (msg_ID,sender_ID,recipient_ID,subject,msgText,timeSent) VALUES (246,17,52,'odio','aliquam, enim nec', TIMESTAMP '2007-07-31 00:33:03');
INSERT INTO Messages (msg_ID,sender_ID,recipient_ID,subject,msgText,timeSent) VALUES (247,90,38,'neque.','neque non quam. Pellentesque', TIMESTAMP '2008-03-15 17:15:04');
INSERT INTO Messages (msg_ID,sender_ID,recipient_ID,subject,msgText,timeSent) VALUES (248,84,94,'sit','Class aptent taciti', TIMESTAMP '2007-01-16 02:21:26');
INSERT INTO Messages (msg_ID,sender_ID,recipient_ID,subject,msgText,timeSent) VALUES (249,98,94,'ligula','Morbi', TIMESTAMP '2009-02-11 16:21:43');
INSERT INTO Messages (msg_ID,sender_ID,recipient_ID,subject,msgText,timeSent) VALUES (250,6,86,'magna.','pretium et, rutrum non,', TIMESTAMP '2012-05-02 09:44:51');
INSERT INTO Messages (msg_ID,sender_ID,recipient_ID,subject,msgText,timeSent) VALUES (251,51,63,'Sed','ultricies dignissim lacus. Aliquam', TIMESTAMP '2012-05-23 22:47:41');
INSERT INTO Messages (msg_ID,sender_ID,recipient_ID,subject,msgText,timeSent) VALUES (252,34,33,'diam.','commodo', TIMESTAMP '2006-11-19 13:41:42');
INSERT INTO Messages (msg_ID,sender_ID,recipient_ID,subject,msgText,timeSent) VALUES (253,38,97,'et,','nibh. Aliquam', TIMESTAMP '2014-05-14 23:45:27');
INSERT INTO Messages (msg_ID,sender_ID,recipient_ID,subject,msgText,timeSent) VALUES (254,96,49,'Integer','pede', TIMESTAMP '2013-09-29 05:31:33');
INSERT INTO Messages (msg_ID,sender_ID,recipient_ID,subject,msgText,timeSent) VALUES (255,80,29,'vel','at, velit.', TIMESTAMP '2012-03-24 06:11:01');
INSERT INTO Messages (msg_ID,sender_ID,recipient_ID,subject,msgText,timeSent) VALUES (256,23,60,'consectetuer','nunc.', TIMESTAMP '2008-11-19 17:22:09');
INSERT INTO Messages (msg_ID,sender_ID,recipient_ID,subject,msgText,timeSent) VALUES (257,9,92,'velit','ultrices posuere', TIMESTAMP '2006-09-26 05:56:10');
INSERT INTO Messages (msg_ID,sender_ID,recipient_ID,subject,msgText,timeSent) VALUES (258,2,16,'ornare,','ornare. Fusce mollis.', TIMESTAMP '2007-01-14 20:17:58');
INSERT INTO Messages (msg_ID,sender_ID,recipient_ID,subject,msgText,timeSent) VALUES (259,85,82,'vel,','risus', TIMESTAMP '2014-03-29 02:19:05');
INSERT INTO Messages (msg_ID,sender_ID,recipient_ID,subject,msgText,timeSent) VALUES (260,29,24,'Mauris','metus.', TIMESTAMP '2013-11-27 18:52:42');
INSERT INTO Messages (msg_ID,sender_ID,recipient_ID,subject,msgText,timeSent) VALUES (261,63,90,'sociis','lacus. Nulla tincidunt,', TIMESTAMP '2012-08-03 10:15:41');
INSERT INTO Messages (msg_ID,sender_ID,recipient_ID,subject,msgText,timeSent) VALUES (262,67,66,'facilisis','luctus felis', TIMESTAMP '2009-01-12 05:53:54');
INSERT INTO Messages (msg_ID,sender_ID,recipient_ID,subject,msgText,timeSent) VALUES (263,52,5,'est.','tempus', TIMESTAMP '2013-11-23 07:30:01');
INSERT INTO Messages (msg_ID,sender_ID,recipient_ID,subject,msgText,timeSent) VALUES (264,45,94,'penatibus','diam luctus', TIMESTAMP '2010-09-28 11:52:29');
INSERT INTO Messages (msg_ID,sender_ID,recipient_ID,subject,msgText,timeSent) VALUES (265,67,97,'interdum','consequat', TIMESTAMP '2009-04-05 06:41:13');
INSERT INTO Messages (msg_ID,sender_ID,recipient_ID,subject,msgText,timeSent) VALUES (266,11,86,'metus','Proin sed', TIMESTAMP '2013-11-30 15:09:37');
INSERT INTO Messages (msg_ID,sender_ID,recipient_ID,subject,msgText,timeSent) VALUES (267,27,14,'malesuada.','enim, condimentum', TIMESTAMP '2010-01-01 05:11:10');
INSERT INTO Messages (msg_ID,sender_ID,recipient_ID,subject,msgText,timeSent) VALUES (268,48,82,'felis','et nunc.', TIMESTAMP '2014-09-08 08:00:00');
INSERT INTO Messages (msg_ID,sender_ID,recipient_ID,subject,msgText,timeSent) VALUES (269,17,63,'Cum','lorem,', TIMESTAMP '2010-05-20 13:41:18');
INSERT INTO Messages (msg_ID,sender_ID,recipient_ID,subject,msgText,timeSent) VALUES (270,23,5,'Nullam','at', TIMESTAMP '2012-07-14 13:41:45');
INSERT INTO Messages (msg_ID,sender_ID,recipient_ID,subject,msgText,timeSent) VALUES (271,46,23,'massa.','orci, in consequat', TIMESTAMP '2008-09-23 16:19:18');
INSERT INTO Messages (msg_ID,sender_ID,recipient_ID,subject,msgText,timeSent) VALUES (272,93,7,'gravida','nunc. Quisque', TIMESTAMP '2006-06-03 19:04:33');
INSERT INTO Messages (msg_ID,sender_ID,recipient_ID,subject,msgText,timeSent) VALUES (273,27,52,'ipsum.','Suspendisse', TIMESTAMP '2009-01-06 09:11:14');
INSERT INTO Messages (msg_ID,sender_ID,recipient_ID,subject,msgText,timeSent) VALUES (274,42,53,'tellus.','est mauris, rhoncus id,', TIMESTAMP '2012-09-12 23:51:08');
INSERT INTO Messages (msg_ID,sender_ID,recipient_ID,subject,msgText,timeSent) VALUES (275,7,85,'mauris,','enim consequat purus. Maecenas', TIMESTAMP '2007-06-11 10:36:17');
INSERT INTO Messages (msg_ID,sender_ID,recipient_ID,subject,msgText,timeSent) VALUES (276,79,56,'Suspendisse','interdum.', TIMESTAMP '2010-11-05 12:07:26');
INSERT INTO Messages (msg_ID,sender_ID,recipient_ID,subject,msgText,timeSent) VALUES (277,42,79,'Proin','eleifend egestas. Sed', TIMESTAMP '2014-08-29 03:15:06');
INSERT INTO Messages (msg_ID,sender_ID,recipient_ID,subject,msgText,timeSent) VALUES (278,62,68,'inceptos','pharetra nibh.', TIMESTAMP '2014-08-08 00:10:07');
INSERT INTO Messages (msg_ID,sender_ID,recipient_ID,subject,msgText,timeSent) VALUES (279,30,97,'elit.','facilisis facilisis, magna', TIMESTAMP '2010-04-04 20:21:49');
INSERT INTO Messages (msg_ID,sender_ID,recipient_ID,subject,msgText,timeSent) VALUES (280,4,6,'malesuada','molestie orci tincidunt', TIMESTAMP '2006-04-29 09:03:40');
INSERT INTO Messages (msg_ID,sender_ID,recipient_ID,subject,msgText,timeSent) VALUES (281,53,5,'augue','risus, at', TIMESTAMP '2014-09-09 04:36:32');
INSERT INTO Messages (msg_ID,sender_ID,recipient_ID,subject,msgText,timeSent) VALUES (282,19,93,'tortor,','montes, nascetur ridiculus', TIMESTAMP '2007-05-30 15:49:39');
INSERT INTO Messages (msg_ID,sender_ID,recipient_ID,subject,msgText,timeSent) VALUES (283,90,16,'velit.','tempor arcu.', TIMESTAMP '2006-06-03 00:34:55');
INSERT INTO Messages (msg_ID,sender_ID,recipient_ID,subject,msgText,timeSent) VALUES (284,53,55,'porta','magna sed dui. Fusce', TIMESTAMP '2014-12-13 14:59:05');
INSERT INTO Messages (msg_ID,sender_ID,recipient_ID,subject,msgText,timeSent) VALUES (285,25,30,'malesuada','lobortis ultrices. Vivamus rhoncus.', TIMESTAMP '2015-04-08 01:19:37');
INSERT INTO Messages (msg_ID,sender_ID,recipient_ID,subject,msgText,timeSent) VALUES (286,40,84,'sed','parturient montes, nascetur ridiculus', TIMESTAMP '2011-10-23 23:07:50');
INSERT INTO Messages (msg_ID,sender_ID,recipient_ID,subject,msgText,timeSent) VALUES (287,53,73,'id','cubilia Curae Donec tincidunt.', TIMESTAMP '2010-05-14 03:45:17');
INSERT INTO Messages (msg_ID,sender_ID,recipient_ID,subject,msgText,timeSent) VALUES (288,56,96,'mus.','amet massa.', TIMESTAMP '2009-02-09 15:17:26');
INSERT INTO Messages (msg_ID,sender_ID,recipient_ID,subject,msgText,timeSent) VALUES (289,3,4,'Mauris','dui.', TIMESTAMP '2012-12-17 05:06:30');
INSERT INTO Messages (msg_ID,sender_ID,recipient_ID,subject,msgText,timeSent) VALUES (290,23,54,'mauris','Aliquam fringilla cursus', TIMESTAMP '2008-12-29 17:48:55');
INSERT INTO Messages (msg_ID,sender_ID,recipient_ID,subject,msgText,timeSent) VALUES (291,19,3,'Etiam','Donec elementum, lorem ut', TIMESTAMP '2006-07-29 16:57:54');
INSERT INTO Messages (msg_ID,sender_ID,recipient_ID,subject,msgText,timeSent) VALUES (292,94,51,'dictum','Ut', TIMESTAMP '2008-06-22 18:59:10');
INSERT INTO Messages (msg_ID,sender_ID,recipient_ID,subject,msgText,timeSent) VALUES (293,14,21,'lobortis','Sed', TIMESTAMP '2013-03-18 15:08:14');
INSERT INTO Messages (msg_ID,sender_ID,recipient_ID,subject,msgText,timeSent) VALUES (294,65,36,'dolor.','semper. Nam tempor diam', TIMESTAMP '2013-10-05 13:44:42');
INSERT INTO Messages (msg_ID,sender_ID,recipient_ID,subject,msgText,timeSent) VALUES (295,26,69,'ante','tellus, imperdiet non, vestibulum', TIMESTAMP '2014-05-11 20:00:56');
INSERT INTO Messages (msg_ID,sender_ID,recipient_ID,subject,msgText,timeSent) VALUES (296,50,60,'Mauris','mauris', TIMESTAMP '2012-07-31 00:48:46');
INSERT INTO Messages (msg_ID,sender_ID,recipient_ID,subject,msgText,timeSent) VALUES (297,32,92,'purus,','nulla', TIMESTAMP '2010-09-15 11:53:37');
INSERT INTO Messages (msg_ID,sender_ID,recipient_ID,subject,msgText,timeSent) VALUES (298,37,5,'libero.','nibh lacinia orci, consectetuer', TIMESTAMP '2007-06-10 13:34:27');
INSERT INTO Messages (msg_ID,sender_ID,recipient_ID,subject,msgText,timeSent) VALUES (299,56,78,'imperdiet','sollicitudin adipiscing', TIMESTAMP '2010-04-08 00:31:26');
INSERT INTO Messages (msg_ID,sender_ID,recipient_ID,subject,msgText,timeSent) VALUES (300,86,32,'arcu.','nulla magna,', TIMESTAMP '2006-08-10 10:26:48');
